,Speaker Party,Speaker,"('absatz', 'buchstab')","('angehor', 'arme')","('anlegerinn', 'anleg')","('annahm', 'motion')","('antrag', 'kommissionsmehr')","('antrag', 'mehrheit')","('antrag', 'mind')","('arbeitnehmerinn', 'arbeitnehm')","('arme', 'xxi')","('artikel', 'absatz')","('ausdruck', 'gebracht')","('auslanderinn', 'ausland')","('automat', 'informationsaustausch')","('beantragt', 'stimm')","('beid', 'rat')","('beim', 'eintret')","('beruf', 'vorsorg')","('beschluss', 'nationalrat')","('best', 'dank')","('bitt', 'antrag')","('bitt', 'deshalb')","('bitt', 'dringend')","('bitt', 'minderheitsantrag')","('bund', 'kanton')","('bundesrat', 'beantragt')","('bundesrat', 'folg')","('bundesrat', 'ja')","('bundesrat', 'meinung')","('bundesrat', 'merz')","('bundesrat', 'motion')","('bundesrat', 'standerat')","('bundesrat', 'villig')","('bundesrat', 'vorgeschlag')","('daran', 'erinn')","('darauf', 'aufmerksam')","('darauf', 'hinweis')","('darum', 'bitt')","('de', 'la')","('deshalb', 'bundesrat')","('direkt', 'demokrati')","('eidgenoss', 'finanzkontroll')","('eidgenoss', 'steuerverwalt')","('einfach', 'sag')","('elt', 'sorg')","('entwurf', 'bundesrat')","('erneuerbar', 'energi')","('europa', 'gerichtshof')","('europa', 'union')","('fassung', 'bundesrat')","('folg', 'geb')","('frag', 'herr')","('frag', 'herrn')","('frau', 'bundesprasidentin')","('frau', 'bundesratin')","('frau', 'fetz')","('frau', 'kollegin')","('frau', 'leutenegg')","('frau', 'nationalratin')","('ganz', 'klar')","('ganz', 'wichtig')","('geh', 'davon')","('geht', 'darum')","('geht', 'frag')","('geltend', 'recht')","('gemass', 'artikel')","('gesagt', 'word')","('glaub', 'wichtig')","('gross', 'mehrheit')","('grund', 'weshalb')","('herr', 'bundesrat')","('herr', 'kolleg')","('herr', 'nationalrat')","('herr', 'standerat')","('herr', 'visch')","('herrn', 'standerat')","('heut', 'geltend')","('indirekt', 'gegenvorschlag')","('initiativ', 'folg')","('ja', 'schon')","('kanton', 'bern')","('kanton', 'schwyz')","('kanton', 'zurich')","('klar', 'meinung')","('kommission', 'beantragt')","('kommission', 'folg')","('kommission', 'rechtsfrag')","('kommissionssprech', 'gesagt')","('konsumentinn', 'konsument')","('lehnt', 'spfraktion')","('leutenegg', 'oberholz')","('mehr', 'geld')","('mehrheit', 'folg')","('mehrheit', 'kommission')","('mehrheit', 'spfraktion')","('mehrheit', 'svpfraktion')","('mehrheit', 'wak')","('mehrheit', 'zuzustimm')","('mieterinn', 'miet')","('milliard', 'frank')","('mind', 'folg')","('minderheitsantrag', 'abzulehn')","('mocht', 'bitt')","('mocht', 'daran')","('mocht', 'einfach')","('motion', 'abzulehn')","('motion', 'anzunehm')","('nach', 'jahr')","('nam', 'bundesrat')","('nam', 'spfraktion')","('nam', 'svpfraktion')","('nationalrat', 'folg')","('offent', 'verkehr')","('parlamentar', 'initiativ')","('patientinn', 'patient')","('pro', 'helvetia')","('rentnerinn', 'rentn')","('rund', 'milliard')","('sag', 'sei')","('sbb', 'cargo')","('seit', 'jahr')","('servic', 'public')","('sicherheitspolit', 'bericht')","('sicht', 'bundesrat')","('sicht', 'spfraktion')","('sinn', 'bitt')","('sozialdemokrat', 'fraktion')","('spfraktion', 'antrag')","('spfraktion', 'beantrag')","('spfraktion', 'begrusst')","('spfraktion', 'bitt')","('spfraktion', 'bittet')","('spfraktion', 'eintret')","('spfraktion', 'empfiehlt')","('spfraktion', 'ersuch')","('spfraktion', 'lehnt')","('spfraktion', 'mehrheit')","('spfraktion', 'mind')","('spfraktion', 'minderheitsantrag')","('spfraktion', 'steht')","('spfraktion', 'unterstutzt')","('spfraktion', 'vorlag')","('st', 'gall')","('staatspolit', 'kommission')","('stimm', 'enthalt')","('svpfraktion', 'antrag')","('svpfraktion', 'beantrag')","('svpfraktion', 'bitt')","('svpfraktion', 'bittet')","('svpfraktion', 'empfiehlt')","('svpfraktion', 'lehnt')","('svpfraktion', 'mehrheit')","('svpfraktion', 'mind')","('svpfraktion', 'unterstutzt')","('svpfraktion', 'vorlag')","('teilt', 'antrag')","('uns', 'kommission')","('uns', 'sicht')","('unterstutzt', 'spfraktion')","('vier', 'jahr')","('volkerrecht', 'vertrag')","('vorlauf', 'aufgenomm')","('vorlauf', 'aufnahm')","('worum', 'geht')","('zwanzig', 'jahr')","('zwei', 'drei')","('zweit', 'saul')"
0,Schweizerische Volkspartei (SVP),Adrian Amstutz,0,0,0,0,0,2,4,0,0,4,0,0,0,1,1,0,0,0,0,1,2,0,2,2,0,0,0,0,2,1,0,0,1,2,3,0,2,0,0,0,0,0,0,0,0,6,0,0,0,8,0,0,0,4,0,6,0,0,3,0,1,1,0,0,1,0,0,1,0,6,4,0,0,0,0,0,0,2,0,2,0,0,1,1,1,0,0,0,0,0,0,2,2,0,0,0,0,1,2,0,0,1,0,1,3,4,1,0,0,2,0,0,6,0,0,0,0,0,0,3,0,0,0,0,0,0,0,0,0,0,0,0,0,0,0,0,0,0,0,0,0,2,0,0,0,0,1,0,0,0,0,0,0,0,0,0,1,0,1,0,0,0,0,2,1,0
1,Schweizerische Volkspartei (SVP),Alex Kuprecht,13,4,0,3,2,5,13,3,3,43,2,1,0,3,10,5,8,6,0,9,50,0,0,8,0,1,5,0,0,2,0,0,1,3,3,3,3,0,2,1,1,3,2,0,4,0,0,1,3,15,0,0,0,6,2,6,0,1,3,1,7,17,4,7,20,0,1,2,0,12,9,2,0,0,0,0,1,2,2,0,3,3,1,10,4,0,0,1,0,0,0,9,4,0,0,0,7,0,57,0,5,6,0,2,8,12,10,0,0,0,6,1,29,2,0,9,23,0,0,3,0,1,0,0,1,0,0,0,0,0,0,0,0,0,0,0,0,0,0,0,0,0,0,27,0,0,0,0,0,0,0,0,0,0,0,11,0,0,5,0,0,0,1,0,9,9
2,Schweizerische Volkspartei (SVP),Alfred Heer,0,0,0,0,1,0,6,1,0,2,0,2,0,1,0,0,0,0,1,6,9,0,1,1,0,0,0,0,1,0,0,0,0,0,0,2,0,0,0,0,0,0,0,0,0,0,0,0,0,7,0,0,0,3,0,1,1,4,0,1,2,8,0,0,2,0,0,0,0,1,2,1,0,5,0,0,1,6,0,0,4,8,0,1,0,25,0,0,0,1,1,0,11,0,0,0,0,1,11,0,0,1,0,0,2,1,0,0,0,6,0,2,17,0,0,0,2,0,0,1,0,0,0,0,1,0,0,0,0,0,0,0,0,0,0,0,0,0,0,0,0,0,0,1,2,0,1,0,0,0,0,0,0,0,0,0,0,0,0,0,0,0,2,0,0,0
3,Schweizerische Volkspartei (SVP),Andrea Martina Geissbühler,0,0,0,0,0,0,1,0,0,0,1,1,0,0,0,0,0,0,0,0,0,0,0,2,0,0,0,0,0,0,0,0,0,0,0,0,0,0,0,0,0,0,2,0,0,0,0,0,0,3,0,0,0,0,0,0,0,0,6,2,0,1,0,0,0,0,0,3,0,2,0,0,0,0,0,0,0,3,0,0,0,0,0,0,0,2,0,0,0,0,3,0,0,0,0,0,0,0,0,0,0,0,0,0,0,0,1,0,0,0,0,0,12,0,0,0,0,1,0,1,0,0,0,0,0,0,0,0,0,0,0,0,0,0,0,0,0,0,0,0,0,0,0,0,0,0,0,0,0,0,0,1,0,0,0,0,1,0,2,0,0,0,0,0,0,0
4,Schweizerische Volkspartei (SVP),Andreas Aebi,0,0,0,0,0,0,1,0,0,1,0,0,0,6,0,0,0,0,2,2,0,0,0,1,0,0,0,0,0,0,0,0,0,1,0,0,4,0,0,0,0,0,1,0,0,0,4,0,0,0,1,0,1,6,0,3,0,0,5,0,1,1,0,0,0,1,0,0,0,2,1,0,0,0,0,0,0,0,0,2,0,0,0,6,0,0,0,0,0,0,0,0,0,0,0,0,0,0,9,0,0,0,1,1,0,0,1,0,0,0,0,0,2,0,0,0,1,0,0,4,0,0,0,0,0,0,0,0,0,0,0,0,0,0,0,0,0,0,0,0,0,1,0,12,0,0,0,0,0,0,0,0,0,0,0,0,0,0,0,0,0,0,3,2,2,0
5,Schweizerische Volkspartei (SVP),André Bugnon,0,0,0,0,0,0,0,0,0,0,0,0,0,0,0,0,0,0,0,0,0,0,0,0,0,0,0,0,0,0,0,0,0,0,0,0,0,9,0,0,0,0,0,0,0,0,0,0,0,0,0,0,0,0,0,0,0,0,0,0,0,0,0,0,0,0,0,0,0,0,0,0,0,0,0,0,0,0,0,0,0,0,0,0,0,0,0,0,0,0,0,0,0,0,0,0,0,0,0,0,0,0,0,0,0,0,0,0,0,0,0,0,0,0,0,0,0,0,0,0,0,0,0,0,0,0,0,0,0,0,0,0,0,0,0,0,0,0,0,0,0,0,0,0,0,0,0,0,0,0,0,0,0,0,0,0,0,0,0,0,0,0,0,0,0,0
6,Schweizerische Volkspartei (SVP),Bruno Zuppiger,0,0,0,0,1,2,3,0,4,1,0,0,0,3,1,0,0,0,0,2,0,0,1,2,2,0,0,1,0,0,0,0,1,0,0,0,1,0,0,0,2,0,0,0,1,0,0,0,0,8,0,0,0,3,0,1,1,0,4,0,0,2,0,1,1,0,0,1,0,4,3,0,0,0,0,0,0,5,0,0,0,0,0,2,1,0,0,0,0,1,0,1,4,0,0,2,0,0,21,0,0,1,0,0,0,0,8,0,0,4,0,1,10,0,0,0,0,0,0,0,0,1,0,0,0,0,0,0,0,0,0,0,0,0,0,0,0,0,0,0,0,0,0,3,2,0,3,0,0,0,0,0,0,0,0,1,2,0,1,0,0,0,2,1,1,0
7,Schweizerische Volkspartei (SVP),Caspar Baader,1,1,0,1,1,10,13,1,1,27,0,0,0,0,5,1,0,5,0,6,23,1,0,3,0,0,1,0,4,0,0,0,0,0,0,0,3,0,1,3,0,1,0,0,1,1,0,0,0,9,1,1,3,9,0,0,8,0,5,1,1,20,4,5,5,1,0,3,0,5,3,0,0,3,0,1,7,8,3,0,0,0,4,1,0,6,0,1,0,5,1,7,10,0,1,1,3,3,22,2,0,0,0,0,0,2,0,0,0,8,0,0,20,0,1,0,0,1,0,2,0,0,0,0,2,0,0,0,0,0,0,0,0,0,0,0,0,0,0,0,0,0,0,7,0,3,1,2,0,1,0,0,1,0,0,2,1,0,8,1,0,0,1,1,1,0
8,Schweizerische Volkspartei (SVP),Christian Miesch,0,2,0,2,0,0,2,0,1,1,0,0,0,0,0,0,0,0,0,1,1,0,0,2,0,0,0,2,0,0,0,0,0,0,0,0,0,0,0,0,0,0,0,0,0,0,0,0,0,3,1,0,5,6,0,3,3,0,2,0,0,1,0,0,0,0,0,1,0,2,1,0,0,0,0,0,0,4,1,0,0,0,0,0,0,0,0,0,0,2,2,1,3,0,1,0,1,0,4,1,1,0,0,0,0,0,0,0,0,2,0,0,0,0,0,0,0,0,0,1,0,4,0,0,0,0,0,0,0,0,0,0,0,0,0,0,0,0,0,0,0,1,0,3,0,0,1,0,0,0,0,0,0,0,0,0,0,0,1,0,0,0,1,0,0,0
9,Schweizerische Volkspartei (SVP),Christoffel Brändli,5,0,0,33,2,13,35,0,0,19,1,0,0,11,2,6,0,2,1,10,13,0,0,5,75,7,0,1,3,3,0,0,1,8,5,14,1,1,3,0,0,0,7,0,7,10,0,1,1,14,1,2,2,15,20,0,0,0,4,0,26,26,9,1,5,3,0,0,0,10,0,0,0,0,0,0,4,10,5,1,0,8,1,76,8,1,0,1,0,0,1,10,7,0,0,0,5,0,50,3,1,10,6,13,22,36,11,0,0,0,26,8,20,0,0,0,4,4,0,0,1,0,0,0,6,0,0,0,0,0,0,0,0,0,0,0,0,0,0,0,0,0,2,9,0,0,0,0,0,0,0,0,0,0,0,6,0,0,3,0,0,0,9,14,20,0
10,Schweizerische Volkspartei (SVP),Christoph Blocher,9,0,0,0,0,1,2,0,0,13,1,0,0,0,1,0,0,2,0,1,0,0,1,2,1,0,1,1,0,0,0,0,1,0,4,0,12,0,0,0,0,0,1,0,3,0,0,1,4,0,1,1,0,0,1,0,2,0,1,0,0,5,1,2,6,3,0,0,1,0,0,1,0,2,0,0,0,0,2,0,0,0,0,1,4,4,0,0,0,2,0,0,4,0,0,0,3,0,0,0,2,0,0,0,0,1,1,1,0,0,1,0,1,0,0,0,0,5,0,0,0,0,1,0,0,0,0,0,0,0,0,0,0,0,0,0,0,0,0,0,0,3,2,2,0,0,0,0,0,0,0,0,0,0,0,0,0,0,4,0,1,0,1,1,0,0
11,Schweizerische Volkspartei (SVP),Christoph Mörgeli,0,0,0,0,0,0,1,0,0,0,0,0,0,0,1,0,0,0,1,2,0,0,1,2,0,0,0,1,0,2,0,0,0,0,1,0,0,0,0,1,0,0,0,0,0,0,0,9,0,3,0,0,2,8,0,1,1,0,2,0,0,8,0,1,2,0,0,0,2,2,13,0,0,3,0,0,0,2,1,0,0,2,0,0,0,3,0,0,0,1,8,0,0,1,1,0,0,0,7,0,0,1,0,0,1,2,3,0,0,0,0,1,4,0,0,0,0,2,0,4,0,0,0,0,0,0,0,0,0,0,0,0,0,0,0,0,0,0,0,0,0,0,1,0,0,0,0,0,0,0,0,0,0,0,0,1,0,0,2,0,0,0,1,0,1,0
12,Schweizerische Volkspartei (SVP),Christoph von Rotz,0,0,0,2,0,1,17,0,0,7,0,0,2,0,0,1,0,2,8,5,4,0,6,1,0,1,0,0,1,0,5,0,0,1,0,1,0,0,0,0,0,0,0,0,1,0,0,0,1,4,1,0,1,4,0,5,0,0,8,0,1,4,1,3,3,0,0,1,0,6,4,0,0,0,0,0,0,1,0,0,0,0,3,2,0,0,0,0,0,0,2,5,10,0,2,0,0,0,49,0,2,0,0,1,1,2,3,0,0,16,0,31,9,0,0,0,2,0,0,2,10,0,0,0,1,0,0,0,0,0,0,0,0,0,0,0,0,0,0,0,0,0,0,4,3,2,7,0,1,0,1,2,2,0,0,0,0,0,1,0,0,0,0,3,0,0
13,Schweizerische Volkspartei (SVP),Elmar Bigger,8,0,0,0,0,3,2,0,0,9,0,0,0,1,0,0,0,1,0,1,1,0,2,7,0,0,0,0,0,0,0,0,0,0,0,0,1,0,1,0,0,0,0,0,0,6,0,0,0,2,0,0,1,5,0,0,0,0,1,0,0,2,0,3,0,0,0,0,0,4,5,0,0,0,0,0,2,2,1,0,0,0,0,1,0,0,0,0,0,0,1,1,2,0,1,0,1,0,2,0,1,0,0,0,2,0,0,0,0,0,0,0,10,0,0,0,0,0,0,0,0,0,0,0,0,0,0,0,0,0,0,0,0,0,0,0,0,0,0,0,0,4,0,3,0,0,0,0,0,1,0,0,2,0,0,0,1,0,0,0,0,0,0,1,0,0
14,Schweizerische Volkspartei (SVP),Erich von Siebenthal,0,0,0,0,0,3,0,1,0,1,0,0,0,0,0,0,0,0,0,1,0,0,0,1,0,0,0,0,0,0,0,0,0,0,0,0,0,0,0,0,0,0,0,0,0,1,0,0,0,1,1,0,2,6,0,0,0,0,9,0,1,1,0,0,0,0,2,0,0,0,0,0,0,0,0,0,0,0,0,2,0,0,0,0,0,0,0,0,0,0,0,0,2,0,0,0,0,0,2,0,0,0,0,0,0,3,0,0,0,0,0,1,2,0,0,0,1,0,0,0,0,0,0,0,0,0,0,0,0,0,0,0,0,0,0,0,0,0,0,0,0,1,0,1,0,0,0,0,0,0,0,0,2,0,0,0,0,0,1,0,0,0,0,0,0,0
15,Schweizerische Volkspartei (SVP),Ernst Schibli,0,0,0,0,0,1,5,0,0,2,0,1,0,1,0,0,4,1,4,3,19,0,1,2,0,0,0,0,0,0,0,0,0,0,0,0,4,0,0,12,0,0,1,0,1,1,0,6,0,11,0,0,5,13,0,1,0,0,6,1,0,0,0,1,1,0,0,0,0,5,6,0,0,1,0,0,2,5,1,2,0,5,0,2,1,0,0,4,0,0,2,1,5,0,1,2,1,0,12,0,0,1,0,0,4,0,0,0,0,3,0,0,23,0,0,0,0,0,0,3,0,0,0,0,0,0,0,0,0,0,0,0,0,0,0,0,0,0,0,0,0,2,7,1,1,0,1,2,0,0,0,0,0,0,0,0,0,0,1,2,0,0,0,0,0,0
16,Schweizerische Volkspartei (SVP),Felix Müri,0,0,0,0,0,1,4,0,0,1,0,0,0,0,0,1,0,1,0,3,0,0,4,2,1,5,0,0,0,0,2,0,1,0,0,0,1,0,0,0,0,0,0,0,4,0,0,1,0,0,0,0,0,1,0,0,0,0,3,0,1,1,1,0,0,0,0,1,0,2,0,0,0,0,0,0,0,0,0,0,0,1,0,0,2,0,0,0,0,0,0,1,1,0,0,0,0,0,0,0,2,0,0,0,0,0,0,0,0,7,0,0,0,0,0,0,0,0,0,4,0,0,0,0,1,0,0,0,0,0,0,0,0,0,0,0,0,0,0,0,0,1,0,5,0,0,6,0,0,0,0,0,0,0,0,0,0,0,1,0,0,0,0,1,0,0
17,Schweizerische Volkspartei (SVP),Hannes Germann,6,0,1,7,2,3,16,1,1,35,0,0,1,0,7,3,4,3,0,10,2,0,1,14,4,2,5,0,9,4,1,0,1,0,2,2,18,0,1,2,3,7,4,0,4,3,1,5,0,5,2,0,3,31,4,1,1,0,5,4,3,12,0,10,5,5,1,4,1,18,7,0,0,0,0,0,38,0,0,3,0,3,1,5,0,2,0,1,0,3,2,4,3,0,0,2,0,3,70,9,1,1,0,1,5,5,11,1,0,0,2,1,18,0,3,0,9,6,0,2,0,2,2,0,6,0,0,0,0,0,0,0,0,0,0,0,0,0,0,0,0,5,1,12,0,0,0,0,0,0,0,0,0,0,0,3,1,0,5,2,0,0,3,1,4,7
18,Schweizerische Volkspartei (SVP),Hans Fehr,0,0,0,0,0,2,2,0,3,3,0,0,0,0,0,0,0,0,0,1,4,0,1,2,0,0,0,0,1,0,0,0,0,1,0,0,6,2,0,8,0,0,2,0,0,0,0,10,0,1,0,0,3,20,0,1,0,0,2,0,0,5,0,0,1,0,0,3,0,1,4,0,0,10,0,0,4,1,0,0,0,0,0,0,0,0,0,0,0,0,1,0,0,0,0,0,0,0,1,0,3,0,0,0,0,2,0,0,0,6,0,0,10,0,0,0,0,3,0,4,0,0,0,0,0,0,0,0,0,0,0,0,0,0,0,0,0,0,0,0,0,0,3,0,0,0,1,0,0,1,0,2,0,0,0,0,0,0,0,0,1,4,1,1,0,0
19,Schweizerische Volkspartei (SVP),Hans Kaufmann,0,0,0,2,0,4,25,0,0,19,0,0,5,0,0,0,0,0,0,2,7,1,3,5,0,0,1,0,3,2,1,0,0,1,1,1,1,0,2,0,0,0,0,0,1,0,2,0,0,12,0,0,2,5,0,6,7,0,11,0,1,6,1,0,2,1,1,0,1,9,1,0,1,2,0,0,21,12,6,2,0,0,0,1,0,16,0,0,0,20,0,1,15,0,0,5,1,1,32,0,5,0,0,3,0,4,4,0,0,2,0,0,39,0,1,0,2,0,0,5,0,0,0,0,1,0,0,0,0,0,0,0,0,0,0,0,0,0,0,0,0,0,0,15,0,1,0,0,0,0,0,0,4,2,0,1,0,0,2,0,0,0,6,1,2,0
20,Schweizerische Volkspartei (SVP),Hans Killer,12,0,0,3,1,5,8,0,0,38,0,0,0,0,0,1,0,0,0,4,0,0,6,1,0,0,0,1,0,0,3,0,1,0,0,1,0,0,0,0,0,0,0,0,1,12,0,0,0,9,0,0,0,3,0,0,0,0,1,0,1,3,1,1,4,0,0,3,0,0,3,0,0,0,0,0,4,5,0,0,0,0,3,1,0,0,0,0,0,1,0,8,4,0,2,0,3,0,8,4,1,0,0,1,3,3,1,0,0,16,0,6,26,0,0,0,0,0,0,3,0,0,0,0,3,0,0,0,0,0,0,0,0,0,0,0,0,0,0,0,0,0,0,4,1,0,1,2,0,1,6,1,2,2,0,0,6,0,0,1,0,0,2,1,0,0
21,Schweizerische Volkspartei (SVP),Hans Rutschmann,0,1,0,1,5,4,14,0,1,19,0,0,0,6,3,0,0,3,1,3,22,0,1,9,5,1,0,2,0,0,0,0,1,0,0,0,2,0,1,0,0,0,0,0,3,22,0,0,0,6,0,0,0,3,0,0,2,0,13,0,2,8,0,3,3,0,0,0,1,1,2,0,0,0,0,2,5,6,1,0,0,0,2,1,0,1,0,0,0,3,4,1,1,0,0,0,0,1,14,0,5,0,0,0,10,4,3,0,0,7,0,4,25,0,0,0,0,0,0,1,0,0,0,0,0,0,0,0,0,0,0,0,0,0,0,0,0,0,0,0,0,3,1,8,0,2,2,1,0,0,0,0,0,3,0,0,0,0,0,2,0,0,0,2,3,1
22,Schweizerische Volkspartei (SVP),Hansjörg Walter,1,0,0,1,0,3,3,0,0,3,0,0,2,2,0,0,0,0,0,0,1,0,3,0,2,0,1,0,1,0,0,0,0,0,0,0,0,0,0,0,0,0,1,0,1,0,0,4,0,3,0,0,0,6,0,0,0,1,3,1,0,2,0,0,4,0,0,0,1,2,2,0,0,0,0,0,0,2,0,0,0,0,0,1,0,0,0,0,0,1,0,1,2,0,0,1,1,0,0,0,0,4,0,1,1,1,1,0,0,1,0,0,11,0,0,0,0,0,0,1,0,0,0,0,1,0,0,0,0,0,0,0,0,0,0,0,0,0,0,0,0,0,0,2,1,0,0,0,0,0,0,0,1,1,0,0,0,0,4,0,0,0,1,0,0,0
23,Schweizerische Volkspartei (SVP),Hansruedi Wandfluh,1,0,0,0,1,3,8,0,0,4,0,0,0,0,2,0,0,0,0,3,1,0,2,1,1,0,0,0,0,0,0,0,2,0,0,0,0,0,0,0,0,0,0,0,2,1,1,0,0,1,0,0,0,4,0,0,3,0,4,0,2,4,0,1,1,0,0,0,1,0,0,0,0,0,0,1,0,0,0,0,0,0,1,0,0,0,0,0,0,11,0,1,0,0,0,1,0,0,5,0,1,0,0,0,0,0,0,0,0,9,0,0,2,0,0,0,2,0,0,0,0,0,0,0,0,0,0,0,0,0,0,0,0,0,0,0,0,0,0,0,0,2,0,1,1,0,0,1,0,0,3,0,1,0,0,1,0,0,0,0,0,0,0,0,1,0
24,Schweizerische Volkspartei (SVP),Hermann Bürgi,14,6,0,17,3,4,13,1,10,164,9,3,0,0,13,15,6,21,4,5,3,0,0,29,11,14,4,4,10,11,0,0,9,9,1,28,0,2,3,1,3,4,15,0,33,0,1,5,8,14,2,1,6,40,16,16,0,0,41,7,6,50,17,34,43,5,1,1,36,66,22,0,0,0,0,2,43,9,4,1,0,3,12,12,8,74,1,5,0,1,5,3,27,0,0,1,2,1,8,2,3,2,3,20,13,16,5,0,0,0,9,4,77,0,47,0,3,8,2,2,10,18,0,0,2,0,0,0,0,0,0,0,0,0,0,0,0,0,0,0,0,5,0,21,0,0,0,0,0,0,0,0,0,0,0,35,4,0,6,5,0,0,12,2,4,1
25,Schweizerische Volkspartei (SVP),J. Alexander Baumann,0,1,0,0,0,0,0,0,2,1,1,0,1,0,0,0,0,0,0,1,0,0,0,0,0,0,0,0,0,0,0,1,0,1,0,0,0,0,0,1,0,0,0,0,0,0,0,0,0,0,0,1,0,7,0,4,0,0,0,0,0,0,0,0,1,0,0,0,0,7,3,0,0,0,1,0,0,0,0,0,0,0,0,0,0,1,0,0,0,0,0,0,0,0,0,0,0,0,1,0,0,0,1,0,0,0,0,0,0,1,0,2,0,0,0,0,0,0,0,2,0,0,0,0,0,0,0,0,0,0,0,0,0,0,0,0,0,0,0,0,0,1,0,0,0,0,0,0,0,0,0,0,0,0,0,1,0,0,1,0,0,0,0,0,0,0
26,Schweizerische Volkspartei (SVP),Jasmin Hutter-Hutter,0,0,0,1,0,6,3,0,0,0,0,0,0,1,0,0,0,2,0,3,0,0,0,0,0,0,0,0,0,0,0,0,1,0,0,1,3,0,0,0,0,0,0,0,0,1,0,0,0,4,0,0,0,0,0,0,0,0,0,0,0,1,0,1,0,0,0,0,0,0,0,0,0,1,0,0,0,3,0,1,0,0,0,1,0,0,0,0,0,0,0,0,3,0,0,0,5,0,0,0,0,1,0,0,5,1,0,0,0,9,0,0,18,0,0,0,0,0,0,1,0,0,0,0,1,0,0,0,0,0,0,0,0,0,0,0,0,0,0,0,0,2,0,1,3,0,0,0,0,1,2,0,0,1,0,1,1,0,0,0,1,0,1,0,1,1
27,Schweizerische Volkspartei (SVP),Jean Henri Dunant,0,0,0,0,0,0,0,0,0,0,0,0,0,0,0,0,0,0,0,0,0,0,0,0,0,0,0,0,0,0,0,0,0,0,0,0,0,0,0,0,0,0,0,0,0,0,0,0,0,0,0,0,0,0,0,0,0,0,0,0,0,0,0,0,0,0,0,0,0,0,1,0,0,0,0,0,0,0,0,0,0,0,0,0,0,0,0,0,0,0,0,0,0,0,0,0,1,0,4,0,0,0,0,0,0,0,0,0,0,0,0,0,0,0,0,0,1,0,0,0,0,0,0,0,0,0,0,0,0,0,0,0,0,0,0,0,0,0,0,0,0,0,0,0,0,0,0,0,0,1,0,0,1,0,0,0,0,0,0,0,0,0,0,0,0,0
28,Schweizerische Volkspartei (SVP),Josef Kunz,0,0,0,0,2,7,22,0,0,2,0,0,0,1,1,0,0,0,0,2,3,1,0,2,0,0,0,0,0,1,0,0,0,0,0,0,1,0,0,0,0,0,0,0,0,9,0,0,0,2,1,0,1,9,0,2,0,0,5,0,0,6,0,0,0,0,0,2,0,4,1,0,0,0,1,1,2,2,0,0,0,0,8,1,1,0,0,0,0,0,0,7,3,0,0,0,1,0,11,7,1,0,0,0,1,1,2,0,0,21,0,0,4,0,0,0,4,0,0,0,0,0,0,0,1,0,0,0,0,0,0,0,0,0,0,0,0,0,0,0,0,0,0,4,6,7,0,0,0,0,2,2,0,1,0,0,0,0,0,0,0,0,0,0,0,0
29,Schweizerische Volkspartei (SVP),Jürg Stahl,1,0,0,1,1,3,9,0,0,11,0,0,0,1,1,1,3,1,0,4,0,0,1,0,1,1,0,0,0,1,1,0,1,4,0,0,6,0,0,0,0,0,0,0,0,0,0,0,0,4,0,0,0,1,0,2,0,0,0,0,2,7,1,2,0,0,2,1,1,3,0,0,0,0,0,1,1,2,0,2,0,0,0,2,3,0,0,0,0,0,1,6,26,0,1,0,3,0,5,1,0,1,0,0,0,2,1,0,0,12,0,0,0,1,0,2,0,0,0,4,0,0,0,0,0,2,0,0,0,0,0,0,0,0,0,0,0,0,0,0,0,0,0,11,1,0,4,0,0,1,3,2,6,0,0,4,0,0,3,0,0,0,1,1,2,1
30,Schweizerische Volkspartei (SVP),Lieni Füglistaller,13,0,0,4,2,6,31,0,0,20,0,0,0,1,0,3,2,5,0,14,12,3,5,5,1,4,1,1,4,1,0,0,4,2,0,0,2,0,2,1,0,0,2,0,10,0,0,0,1,3,0,0,0,7,0,5,0,0,1,0,2,1,0,0,6,0,0,1,0,9,1,0,0,1,0,0,0,1,0,1,0,0,1,3,1,0,0,0,0,0,0,15,14,0,2,0,3,0,43,3,1,2,0,0,3,1,5,0,0,9,0,1,6,1,1,0,11,0,0,4,0,0,0,0,0,0,0,0,0,0,0,0,0,0,0,0,0,0,0,0,0,0,0,9,2,0,6,0,0,0,0,3,3,2,0,3,1,0,2,3,0,0,0,2,2,0
31,Schweizerische Volkspartei (SVP),Lukas Reimann,0,0,0,2,0,0,3,0,0,5,0,3,0,0,0,0,0,0,4,1,8,0,2,2,0,0,0,0,0,0,0,0,3,0,0,0,0,0,0,6,0,0,2,0,0,0,0,2,0,1,0,0,0,4,0,0,0,1,2,1,0,2,0,0,0,0,0,3,0,0,0,0,0,0,0,0,0,1,0,1,0,3,0,0,0,0,0,0,0,0,1,0,0,0,0,0,0,0,1,0,0,0,0,0,0,1,0,0,0,0,0,0,4,0,0,0,0,0,0,0,0,0,0,0,2,0,0,0,0,0,0,0,0,0,0,0,0,0,0,0,0,2,0,0,0,0,0,0,0,0,0,0,0,0,0,0,0,0,2,2,0,0,1,2,0,0
32,Schweizerische Volkspartei (SVP),Luzi Stamm,4,0,0,0,1,9,25,0,0,8,0,0,0,1,1,2,0,0,0,5,11,0,1,1,0,3,1,0,0,0,1,1,0,0,7,0,0,0,0,18,0,1,2,0,3,0,0,1,0,9,0,1,2,35,0,12,3,0,6,1,0,4,7,7,3,2,0,0,4,2,23,0,0,9,0,1,18,8,2,1,0,1,0,3,0,12,0,0,0,6,1,2,18,0,0,0,2,0,5,2,0,2,0,0,0,0,1,0,0,2,0,0,17,0,0,0,0,4,0,1,0,0,0,0,0,0,0,0,0,0,0,0,0,0,0,0,0,0,0,0,0,0,1,2,2,0,1,0,0,0,1,0,0,0,0,2,0,0,2,3,0,0,10,4,9,0
33,Schweizerische Volkspartei (SVP),Marcel Scherer,0,0,0,2,1,0,5,1,0,3,0,0,0,1,1,0,0,0,0,4,2,0,6,1,1,0,1,0,0,0,0,0,2,0,0,0,0,0,0,0,0,0,0,0,2,0,0,0,0,6,1,0,7,9,0,2,0,0,1,0,0,0,0,0,2,0,0,1,0,6,7,0,0,0,0,0,2,5,0,1,0,0,1,2,2,0,0,0,0,0,0,4,12,0,0,0,1,0,1,0,1,3,0,0,0,2,0,0,0,4,0,0,15,0,0,0,0,0,0,0,0,0,0,0,1,0,0,0,0,0,0,0,0,0,0,0,0,0,0,0,0,0,0,9,0,0,1,1,3,0,1,3,0,0,0,0,0,0,2,0,0,0,5,1,0,0
34,Schweizerische Volkspartei (SVP),Max Binder,11,0,0,0,1,5,30,0,0,30,1,0,0,5,9,2,0,3,1,1,0,1,0,3,0,1,0,1,0,1,11,0,3,0,1,0,1,0,1,0,0,0,4,0,5,0,0,0,1,3,1,3,0,18,0,3,0,0,10,0,6,14,2,4,3,1,0,1,0,31,4,0,0,2,0,0,0,0,0,2,0,5,7,14,5,0,0,0,0,0,0,19,15,0,3,0,4,0,26,2,2,1,0,0,0,1,2,0,0,2,0,20,13,0,0,0,2,2,4,3,0,0,0,0,1,0,0,0,0,0,0,0,0,0,0,0,0,0,0,2,0,1,0,12,1,0,0,0,0,0,2,0,2,0,0,2,11,0,0,0,0,0,0,4,1,0
35,Schweizerische Volkspartei (SVP),Maximilian Reimann,0,0,0,1,0,2,3,0,0,1,3,0,0,0,4,1,0,2,0,1,5,0,0,4,1,1,1,0,0,3,0,0,3,2,0,0,1,0,5,5,1,3,4,0,0,1,1,2,0,8,3,0,6,50,2,3,0,1,14,0,2,0,1,1,4,0,0,2,1,55,7,0,0,0,0,0,6,5,3,3,0,2,0,0,0,2,0,0,0,0,1,0,5,0,0,0,0,0,12,1,0,5,0,6,2,0,2,1,0,0,0,1,15,0,0,0,1,0,0,7,1,1,0,0,2,1,0,0,0,0,0,0,0,0,0,0,0,0,0,0,0,1,2,6,0,0,0,0,0,0,0,0,0,0,0,8,2,0,2,1,0,0,0,0,9,0
36,Schweizerische Volkspartei (SVP),Natalie Rickli,0,0,0,2,0,0,5,0,0,2,0,0,0,1,0,0,0,2,0,0,0,0,0,0,0,1,1,1,0,0,0,0,1,0,0,1,0,0,0,0,0,0,0,0,3,0,0,0,0,4,0,0,1,8,0,1,0,0,0,0,0,0,1,2,1,0,0,0,0,4,0,0,0,1,0,0,0,2,1,0,0,1,1,4,0,1,0,1,0,0,2,0,0,0,0,0,0,0,6,0,0,0,0,0,5,0,2,0,0,1,1,0,9,0,0,0,0,1,0,0,6,0,0,0,0,0,0,0,0,0,0,0,0,0,0,0,0,0,0,0,0,1,0,2,0,0,3,0,0,0,0,0,0,0,0,0,0,0,1,0,4,1,0,0,1,0
37,Schweizerische Volkspartei (SVP),Oskar Freysinger,1,0,0,1,0,0,6,0,0,1,0,0,0,0,1,0,0,0,0,0,0,0,0,1,0,0,0,0,0,1,1,0,0,0,1,0,1,10,0,1,0,0,0,0,0,0,0,0,0,0,0,1,0,5,0,0,3,0,4,0,0,5,0,0,0,0,0,2,0,2,1,0,0,1,0,0,0,0,0,0,0,0,0,0,0,1,0,0,0,3,0,1,3,0,0,0,0,0,0,0,0,0,0,0,0,1,0,0,0,1,0,0,1,0,2,0,0,0,0,2,0,0,0,0,1,0,0,0,0,0,0,0,0,0,0,0,0,0,0,0,0,1,0,2,1,0,0,0,0,0,0,0,0,0,0,0,0,0,0,1,0,0,2,1,1,0
38,Schweizerische Volkspartei (SVP),Peter Föhn,1,0,0,0,0,0,2,2,0,8,1,2,0,0,0,0,0,0,0,2,0,1,1,1,0,1,0,0,1,0,0,0,0,0,0,1,0,0,0,1,0,0,3,0,0,0,0,0,0,3,0,1,0,6,0,1,0,0,6,0,0,1,0,2,0,0,0,1,1,16,0,0,0,0,0,0,0,1,0,0,8,1,2,1,0,0,0,0,0,0,3,0,0,0,1,0,0,0,1,1,0,0,0,0,0,1,4,0,0,1,0,0,1,0,0,0,0,0,3,1,0,0,0,0,0,0,0,0,0,0,0,0,0,0,0,0,0,0,0,0,0,0,0,0,0,0,0,0,0,0,0,0,0,0,0,0,0,0,0,0,0,0,0,0,4,0
39,Schweizerische Volkspartei (SVP),Peter Spuhler,1,0,0,0,0,2,10,0,0,6,0,0,0,0,0,0,0,0,0,2,0,0,1,0,0,2,1,0,0,0,0,0,1,9,0,2,0,0,0,1,0,0,1,0,2,1,0,0,0,1,1,0,0,2,0,1,2,0,8,0,3,12,0,7,0,0,4,1,0,0,0,0,0,1,0,0,0,1,1,0,0,0,4,0,0,0,0,0,0,7,0,1,8,0,1,2,1,0,17,1,0,3,9,1,0,0,1,0,0,1,0,0,7,0,0,0,0,0,0,2,0,0,0,0,0,0,0,0,0,0,0,0,0,0,0,0,0,0,0,0,0,0,0,1,0,0,0,0,0,2,1,1,3,0,0,0,1,0,2,0,0,0,0,0,5,1
40,Schweizerische Volkspartei (SVP),Pirmin Schwander,5,0,0,1,1,4,36,0,0,51,0,1,9,0,1,0,0,0,0,13,30,14,7,16,3,3,4,0,7,1,0,0,3,1,4,1,2,0,1,0,0,1,1,0,1,0,5,1,2,16,0,0,1,31,0,7,0,0,17,0,5,27,8,22,10,23,0,0,4,8,14,0,0,3,0,3,7,13,1,1,5,0,12,0,1,10,1,4,0,3,1,14,3,0,4,0,0,0,67,28,1,0,1,3,4,1,5,0,0,34,0,0,31,0,0,0,3,1,0,7,0,1,0,0,4,0,0,0,0,0,0,0,0,0,0,0,0,0,0,0,0,1,0,0,7,3,2,0,1,1,5,5,6,3,0,1,6,0,3,4,0,0,6,5,8,0
41,Schweizerische Volkspartei (SVP),Roland F. Borer,1,2,0,2,1,6,6,4,1,8,0,0,0,0,0,0,1,0,0,2,1,0,0,4,2,1,1,0,0,0,1,0,1,2,1,10,0,0,0,0,0,0,1,0,2,0,0,0,1,3,2,1,1,9,0,14,0,0,3,0,0,10,0,0,0,0,0,1,2,15,14,0,1,1,0,0,0,1,2,0,0,0,1,1,0,0,0,0,0,0,1,3,1,0,1,0,0,0,4,0,0,1,0,0,2,5,0,0,0,4,0,0,4,1,0,0,0,1,0,0,0,1,0,0,0,1,0,0,0,0,0,0,0,0,0,0,0,0,0,0,0,2,0,1,1,2,1,0,0,1,1,0,0,0,0,0,0,0,0,0,1,0,1,1,1,4
42,Schweizerische Volkspartei (SVP),Rudolf Joder,2,0,0,2,0,2,7,0,0,11,0,0,0,0,0,0,0,0,1,7,1,0,0,2,1,0,0,0,0,0,0,0,0,0,0,0,0,0,0,0,0,0,0,0,0,0,2,0,0,8,0,0,0,2,0,0,0,0,3,0,0,10,0,3,3,0,0,0,1,2,0,0,0,0,0,1,0,7,0,2,0,0,2,1,2,1,0,0,0,0,0,0,8,0,0,0,0,0,2,1,1,0,0,0,0,2,0,0,0,5,0,0,22,0,0,0,0,0,0,0,2,0,0,0,0,0,0,0,0,0,0,0,0,0,0,0,0,0,0,0,0,0,7,4,0,0,1,0,0,0,0,0,1,0,0,0,2,0,2,2,0,0,1,1,0,0
43,Schweizerische Volkspartei (SVP),Sebastian Frehner,0,0,0,0,0,0,0,0,0,0,0,0,0,0,0,0,0,0,0,0,0,0,0,0,0,0,0,0,0,0,0,0,0,0,0,0,0,0,0,0,0,0,0,0,0,0,0,0,0,0,0,0,0,0,0,0,0,0,0,0,0,0,0,0,0,0,0,0,0,0,0,0,0,0,0,0,0,0,0,0,0,0,0,0,0,0,0,0,0,0,0,0,0,0,0,0,0,0,0,0,0,0,0,0,1,0,0,0,0,0,0,0,0,1,0,0,0,0,0,0,0,0,0,0,0,0,0,0,0,0,0,0,0,0,0,0,0,0,0,0,0,0,0,0,0,0,0,0,0,1,0,0,0,0,0,0,1,0,0,0,0,0,0,0,1,0
44,Schweizerische Volkspartei (SVP),Simon Schenk,11,0,0,1,3,3,9,0,0,28,0,0,0,1,0,1,4,0,2,14,0,5,1,2,0,0,1,0,0,2,2,0,3,0,0,0,0,4,1,0,0,0,0,0,3,0,0,1,2,1,0,1,1,3,0,2,0,0,1,0,2,5,0,0,2,0,0,3,3,1,1,0,0,0,0,1,0,0,2,0,0,0,0,0,1,0,0,1,0,0,0,0,3,0,6,0,4,0,0,0,3,0,0,0,9,0,1,0,0,33,0,1,8,0,6,0,0,0,0,3,5,0,0,0,2,0,0,0,0,0,0,0,0,0,0,0,0,0,0,0,0,1,0,4,1,0,32,0,0,0,4,0,0,0,0,2,1,0,0,0,0,0,0,0,1,0
45,Schweizerische Volkspartei (SVP),Sylvia Flückiger-Bäni,1,6,0,0,1,2,8,3,0,18,0,1,0,1,0,1,0,0,0,1,0,0,0,2,0,1,0,0,4,0,0,0,0,0,1,1,0,0,0,0,0,2,0,0,2,0,0,0,0,9,0,0,2,2,0,0,1,0,0,0,3,2,0,1,5,0,0,0,0,4,5,0,0,0,1,0,0,4,0,0,0,0,0,1,0,0,0,1,0,2,0,2,0,0,0,0,0,0,11,0,0,0,0,0,1,0,1,0,0,7,0,0,22,0,0,0,4,0,0,1,0,0,0,0,0,0,0,0,0,0,0,0,0,0,0,0,0,0,0,0,0,3,0,3,1,1,3,1,0,1,0,0,1,2,0,0,1,0,0,0,0,0,0,0,1,0
46,Schweizerische Volkspartei (SVP),Theophil Pfister,3,0,0,1,1,5,20,0,0,23,0,0,0,0,1,0,0,1,1,6,2,0,1,7,1,5,0,1,2,0,3,0,2,0,2,1,0,0,0,4,0,0,2,0,4,0,0,0,0,0,0,0,1,6,0,12,0,0,16,0,1,4,8,0,13,1,0,2,0,5,16,0,0,0,0,0,0,0,0,0,0,1,2,0,4,0,0,0,0,1,0,3,10,0,8,0,1,0,19,10,0,0,0,0,0,0,2,0,0,9,1,0,1,0,13,0,0,0,0,3,0,0,0,0,1,0,0,0,0,0,0,0,0,0,0,0,0,0,0,0,0,2,0,2,3,1,1,10,1,4,3,1,4,3,0,0,0,0,7,4,0,0,0,0,0,0
47,Schweizerische Volkspartei (SVP),This Jenny,1,0,0,5,0,2,11,1,0,0,0,0,1,0,0,0,0,3,0,7,1,0,1,2,0,4,4,0,0,2,0,0,0,1,2,1,1,0,0,0,0,0,2,0,1,5,0,0,0,4,1,0,2,16,1,12,0,0,12,0,7,8,2,4,0,3,0,0,4,37,21,0,0,0,0,0,6,4,6,3,0,10,0,0,2,0,1,0,0,0,4,5,3,0,0,0,2,0,36,15,0,55,0,1,6,7,6,0,0,0,13,6,5,0,0,0,3,2,0,7,4,0,0,0,1,0,0,0,0,0,0,0,0,0,0,0,0,0,0,0,0,4,1,0,0,0,0,0,0,0,0,0,0,0,0,5,0,0,9,0,0,0,0,6,12,0
48,Schweizerische Volkspartei (SVP),Thomas Fuchs,0,0,0,0,0,0,0,0,0,0,0,0,0,0,0,0,0,0,0,0,0,0,0,0,0,0,0,0,0,0,0,0,0,0,0,0,0,0,0,0,0,0,0,0,0,0,0,0,0,0,0,0,0,0,0,0,0,0,0,0,0,0,0,0,0,0,0,0,0,0,0,0,0,0,0,0,0,0,0,0,0,0,0,0,0,0,0,0,0,0,0,0,0,0,0,0,0,0,0,0,0,0,0,0,0,0,0,0,0,0,0,0,0,0,0,0,0,0,0,0,0,0,0,0,0,0,0,0,0,0,0,0,0,0,0,0,0,0,0,0,0,0,0,0,0,0,0,0,0,0,0,0,0,0,0,0,0,0,0,0,0,0,0,1,0,0
49,Schweizerische Volkspartei (SVP),Thomas Hurter,0,8,0,2,3,3,14,1,1,14,1,0,0,0,0,1,0,1,7,0,13,0,0,1,2,0,1,1,0,0,0,1,0,3,0,0,0,0,0,0,0,0,0,0,3,0,0,0,1,2,0,0,1,9,0,0,0,1,4,0,0,9,0,0,1,0,0,0,0,7,2,0,0,0,0,0,0,1,0,0,0,1,0,0,1,0,0,0,0,0,1,0,8,0,0,0,1,0,5,0,1,0,0,2,0,3,1,0,0,7,0,4,5,0,0,0,1,0,0,1,0,10,0,0,0,0,0,0,0,0,0,0,0,0,0,0,0,0,0,0,0,2,0,1,5,0,2,2,0,0,2,1,1,0,0,1,1,0,2,0,0,0,0,0,1,0
50,Schweizerische Volkspartei (SVP),Thomas Müller,1,0,0,0,1,4,15,0,0,13,1,0,0,1,5,1,1,1,0,0,0,0,0,2,2,2,0,0,5,0,2,0,0,0,0,0,0,0,0,0,1,0,0,0,2,0,0,0,1,1,0,0,0,0,0,0,1,0,3,0,1,2,1,2,2,0,0,1,0,4,3,0,0,1,0,0,3,1,0,0,0,0,0,4,0,3,0,0,0,2,0,10,7,0,0,1,1,0,15,0,3,0,0,0,0,0,3,0,0,0,1,0,5,0,0,0,2,0,1,0,0,0,0,0,0,0,0,0,0,0,0,0,0,0,0,0,0,0,0,0,0,1,1,16,0,0,0,0,0,0,0,0,1,0,0,0,1,0,0,0,0,0,1,0,0,4
51,Schweizerische Volkspartei (SVP),Toni Bortoluzzi,0,6,0,0,0,18,16,0,3,12,6,0,0,5,2,2,11,2,0,7,2,0,6,2,2,1,4,1,0,0,1,0,3,4,2,3,0,0,0,0,0,0,1,0,4,0,0,0,0,13,0,1,0,5,0,6,0,0,6,0,4,16,1,3,0,0,0,0,1,16,8,0,0,0,1,0,1,11,4,0,0,1,1,6,1,4,0,0,0,1,4,15,13,0,3,0,5,0,30,9,0,11,2,2,1,1,3,0,0,4,0,0,26,0,0,6,3,2,0,9,0,0,0,0,0,1,0,0,0,0,0,0,0,0,0,0,0,0,0,0,0,0,0,7,0,0,0,0,1,1,1,0,0,3,0,2,11,0,5,0,0,0,1,7,2,12
52,Schweizerische Volkspartei (SVP),Toni Brunner,0,0,0,0,0,0,1,0,0,1,1,0,0,0,0,0,0,0,0,0,0,0,0,0,0,0,0,0,0,1,0,0,0,0,0,0,1,0,0,1,0,0,0,0,0,1,0,8,0,0,1,0,1,4,0,0,0,0,0,0,1,5,0,0,0,0,0,0,0,0,0,0,0,1,0,0,7,0,0,1,0,0,0,1,0,2,0,1,0,0,0,2,7,0,0,0,0,0,1,0,0,1,0,0,0,0,3,0,0,6,0,0,2,0,0,0,0,1,0,1,0,0,0,0,0,0,0,0,0,0,0,0,0,0,0,0,0,0,0,0,0,2,1,4,1,1,1,0,1,0,0,0,0,0,0,4,0,0,2,1,0,0,1,1,1,0
53,Schweizerische Volkspartei (SVP),Ueli Maurer,2,8,0,7,2,21,48,0,15,15,2,0,0,0,13,0,0,6,3,23,1,0,15,14,10,31,3,18,0,1,9,1,5,2,1,4,0,0,1,0,4,0,3,0,34,1,0,0,3,2,6,20,0,2,0,0,2,1,11,2,22,51,15,4,4,2,2,1,4,1,1,8,15,0,5,0,0,1,5,4,0,1,3,2,11,4,0,0,0,6,13,22,32,0,0,0,5,0,121,4,21,6,1,5,21,9,92,9,0,1,2,3,6,0,0,0,5,3,7,13,0,117,5,0,17,0,0,0,0,0,0,0,0,0,0,0,0,0,0,0,0,0,0,0,0,1,0,0,0,0,0,0,0,1,0,0,29,0,13,0,0,0,2,11,7,0
54,Schweizerische Volkspartei (SVP),Ulrich Giezendanner,0,0,0,0,0,0,2,0,0,0,0,0,0,0,0,0,0,0,0,0,1,2,0,0,0,0,0,0,5,0,0,0,0,1,0,0,0,0,1,0,0,0,0,0,0,0,0,1,0,0,2,0,2,8,0,1,0,0,4,0,0,0,0,0,0,0,0,0,0,15,4,0,0,0,0,0,0,0,0,0,0,0,0,0,0,0,0,0,0,0,0,0,0,0,0,0,0,0,2,0,0,0,1,0,1,1,0,0,0,0,0,0,0,0,0,0,0,1,3,1,0,0,0,0,0,0,0,0,0,0,0,0,0,0,0,0,0,0,0,0,0,1,0,0,0,0,0,0,0,0,0,0,0,0,0,0,0,0,0,0,0,0,2,3,2,0
55,Schweizerische Volkspartei (SVP),Ulrich Schlüer,0,0,0,0,0,3,1,0,2,1,0,0,0,0,2,0,0,0,0,1,0,0,1,0,0,0,1,1,0,0,1,0,0,1,1,2,0,0,0,5,0,1,2,0,0,0,0,7,0,0,1,0,1,16,0,3,0,0,0,0,2,6,0,2,0,1,0,1,0,4,10,0,0,1,0,0,3,0,1,0,0,0,0,0,0,0,0,0,0,0,2,2,0,0,0,0,0,0,8,0,0,1,0,1,0,0,0,0,0,8,0,0,3,0,0,0,3,0,0,2,0,0,0,0,2,0,0,0,0,0,0,0,0,0,0,0,0,0,0,0,0,0,0,1,0,3,0,0,0,0,1,1,1,0,0,0,0,0,0,0,0,0,4,1,0,0
56,Schweizerische Volkspartei (SVP),Walter Glur,0,0,0,0,0,0,0,0,0,0,0,0,0,0,1,0,0,0,0,0,0,0,0,2,0,0,0,0,0,0,0,0,0,0,0,0,0,0,0,0,0,0,0,0,0,0,0,0,0,0,0,0,1,5,0,1,0,0,1,0,0,0,0,0,1,0,0,0,0,1,0,0,0,1,0,0,0,0,0,0,0,0,0,0,0,0,0,0,0,0,0,0,0,0,0,0,0,0,6,0,0,0,0,0,0,0,0,0,0,0,0,0,0,0,0,0,0,0,0,0,0,0,0,0,0,0,0,0,0,0,0,0,0,0,0,0,0,0,0,0,0,0,0,0,0,0,0,0,0,0,0,0,0,0,0,0,0,0,0,0,0,1,0,1,0,0
57,Schweizerische Volkspartei (SVP),Walter Wobmann,1,0,0,0,0,3,5,0,0,3,0,2,0,0,0,0,0,0,0,3,2,0,6,0,0,0,0,0,0,0,0,0,0,4,0,0,0,0,0,1,0,0,0,0,1,0,0,0,0,7,0,0,0,10,0,0,0,0,9,0,0,0,0,1,0,0,0,0,1,0,0,0,0,0,0,0,4,7,1,0,0,0,0,0,0,0,0,0,0,0,0,4,0,0,0,0,1,0,3,0,1,1,3,0,0,0,0,0,0,1,0,0,10,0,0,0,0,0,0,5,0,0,0,0,0,0,0,0,0,0,0,0,0,0,0,0,0,0,0,0,0,1,2,0,0,1,0,0,0,1,0,0,0,1,0,1,1,0,0,0,0,0,0,2,0,0
58,Schweizerische Volkspartei (SVP),Yvette Estermann,0,1,0,0,0,0,4,3,0,0,0,7,0,0,0,0,0,0,0,1,1,0,0,0,0,0,0,0,0,0,0,0,0,0,1,0,0,0,0,1,0,0,0,0,0,0,0,6,0,3,0,0,2,1,0,5,0,0,2,0,0,3,0,0,2,1,0,2,0,0,1,1,0,0,0,0,0,4,0,0,1,0,0,0,0,0,0,0,0,0,0,0,0,0,0,0,0,0,3,0,0,2,0,0,0,0,0,0,0,0,0,0,4,0,0,0,0,0,0,1,0,0,0,0,1,0,0,0,0,0,0,0,0,0,0,0,0,0,0,0,0,0,0,0,0,0,0,0,0,0,0,1,5,0,0,0,0,0,2,0,0,0,1,0,0,0
59,Sozialdemokratische Partei der Schweiz (SP),Andrea Hämmerle,1,0,0,2,1,5,23,1,0,9,0,0,0,0,3,1,0,2,0,1,1,9,1,1,0,0,0,0,0,0,6,0,1,1,1,1,0,0,0,0,0,0,1,0,2,0,0,19,4,1,0,0,3,8,0,0,0,0,4,1,0,1,1,3,1,0,0,2,0,5,0,0,0,0,0,0,3,1,2,0,0,0,0,0,0,2,1,1,0,0,1,10,5,0,0,0,2,0,6,1,1,0,1,2,0,2,2,0,7,0,0,10,7,0,0,0,0,0,4,2,4,0,0,0,0,0,1,0,0,4,4,1,0,0,1,1,0,0,0,0,1,1,0,3,0,0,0,0,0,0,0,0,0,0,0,3,0,0,0,0,0,0,4,5,3,0
60,Sozialdemokratische Partei der Schweiz (SP),Andreas Gross,0,0,0,0,0,0,0,0,0,0,4,0,0,0,0,0,0,0,0,0,2,0,0,1,1,0,1,0,0,1,0,0,0,0,1,0,0,0,0,23,0,0,2,0,0,0,0,0,0,4,0,1,0,4,0,0,0,0,0,8,0,3,0,0,1,0,2,1,4,1,0,0,0,3,0,0,0,2,0,1,0,1,0,0,0,0,0,0,0,0,4,3,4,0,0,0,0,0,1,0,0,2,0,0,0,2,1,0,0,0,0,0,11,0,0,0,0,1,0,0,0,0,0,0,0,0,0,0,0,0,0,0,0,0,0,0,0,0,0,1,0,0,2,1,0,0,0,0,0,0,0,0,0,0,0,0,0,0,3,2,0,0,0,5,2,0
61,Sozialdemokratische Partei der Schweiz (SP),André Daguet,1,0,0,0,1,2,5,0,0,3,0,0,0,0,0,0,0,0,0,1,1,0,0,0,0,0,2,0,0,0,0,0,0,0,0,0,0,0,1,2,0,0,0,0,0,0,0,0,0,4,0,0,0,3,0,0,0,0,3,2,3,4,1,3,0,3,0,0,0,0,4,0,0,1,0,0,2,4,1,0,0,0,0,1,1,4,0,0,0,0,1,0,5,0,0,0,0,0,2,0,0,0,0,0,0,0,2,0,2,0,0,0,17,0,0,0,0,0,0,2,0,0,0,0,0,0,0,1,0,1,0,0,0,0,0,0,0,0,0,1,0,0,0,2,1,0,0,0,0,0,0,0,0,0,0,0,1,0,0,0,0,0,1,4,0,0
62,Sozialdemokratische Partei der Schweiz (SP),Andy Tschümperlin,2,0,0,0,1,0,8,1,0,16,0,8,0,1,2,0,0,0,1,1,1,0,1,2,1,0,0,1,0,0,1,0,0,0,0,0,5,0,0,6,0,0,0,0,0,3,4,1,3,10,0,0,0,2,0,1,0,1,4,0,0,2,0,1,7,0,0,1,0,2,0,0,0,0,0,0,0,8,0,0,6,0,2,0,0,0,0,0,0,0,0,0,2,0,0,0,0,0,3,1,0,0,0,0,1,1,1,0,0,0,0,1,33,0,0,0,0,0,0,4,0,0,0,0,0,1,1,0,0,0,0,0,0,0,1,0,0,0,0,1,1,0,11,3,0,0,0,0,0,0,0,0,0,0,0,1,0,1,1,0,0,0,0,1,1,0
63,Sozialdemokratische Partei der Schweiz (SP),Anita Fetz,1,0,0,2,0,10,23,0,0,19,1,4,0,0,12,7,8,4,4,6,10,2,1,7,3,2,5,0,9,4,0,0,3,18,4,8,6,0,1,3,2,2,11,0,6,4,0,0,1,10,4,0,0,27,0,4,0,0,4,15,27,37,2,1,4,13,0,2,3,32,10,0,0,0,0,1,1,6,12,2,0,3,0,3,2,2,14,5,0,0,5,0,7,0,0,0,2,0,146,2,0,5,4,34,5,11,16,0,0,0,5,2,13,1,13,2,5,5,0,31,1,0,0,0,13,0,0,0,0,0,0,0,0,0,0,0,0,0,0,0,0,3,0,8,0,0,0,0,0,0,0,0,0,0,0,3,2,0,13,0,0,0,14,7,31,6
64,Sozialdemokratische Partei der Schweiz (SP),Anita Thanei,1,0,0,0,0,3,16,3,0,11,0,2,0,3,1,0,0,0,0,2,34,0,6,1,0,1,0,0,0,0,3,0,0,5,0,9,0,0,0,0,0,0,0,3,5,0,0,0,1,18,0,0,0,4,0,0,5,0,0,0,0,2,7,20,3,0,0,0,2,0,0,0,0,1,0,1,4,18,0,1,0,4,0,3,1,12,0,2,0,17,0,25,17,2,0,0,0,30,0,12,1,1,4,0,0,0,1,0,41,0,0,0,29,1,0,0,0,1,0,0,0,0,0,0,2,0,2,2,1,12,0,0,0,0,0,8,7,4,0,3,5,0,0,3,0,0,0,0,0,0,0,0,0,0,0,2,2,0,5,0,0,0,4,3,1,1
65,Sozialdemokratische Partei der Schweiz (SP),Bea Heim,3,0,0,3,3,5,41,1,0,23,0,8,0,6,3,0,0,0,0,11,3,0,2,5,6,2,1,0,0,1,2,0,0,2,0,0,6,0,1,1,3,3,0,0,3,27,3,0,0,12,0,0,1,15,0,0,0,0,5,0,0,4,2,4,6,0,0,0,0,3,0,0,0,0,0,0,4,13,3,2,0,0,0,10,3,2,0,0,2,0,0,1,10,1,0,0,0,0,29,1,0,0,2,1,2,5,3,0,12,0,0,7,48,12,0,10,9,1,2,15,2,0,0,2,4,0,2,3,2,4,1,5,2,0,4,0,5,0,0,6,1,0,52,27,0,0,0,0,0,0,0,0,0,0,0,1,4,0,6,3,1,0,2,0,3,2
66,Sozialdemokratische Partei der Schweiz (SP),Beat Jans,0,0,0,1,1,0,3,0,0,4,0,0,0,0,0,0,0,0,0,1,5,0,4,0,0,1,0,0,0,0,0,0,0,1,0,0,0,0,0,0,0,0,0,0,0,4,0,0,0,0,0,0,0,0,0,0,0,0,2,6,0,5,2,1,0,1,0,0,0,1,0,0,0,0,0,0,1,0,1,0,0,0,0,1,1,0,0,0,0,0,0,0,2,0,0,0,0,0,0,0,2,0,1,0,0,0,1,0,3,0,0,0,0,0,0,0,0,0,0,1,0,0,0,0,3,1,1,0,0,1,0,0,0,0,1,0,1,0,0,1,0,1,0,0,0,0,0,0,0,0,0,0,0,0,0,0,1,0,0,0,0,0,0,0,0,0
67,Sozialdemokratische Partei der Schweiz (SP),Chantal Galladé,1,0,0,0,3,1,14,0,0,4,0,0,0,1,0,1,0,0,0,2,11,0,0,4,1,1,0,0,0,0,0,0,1,0,2,0,0,0,0,0,0,0,0,0,1,0,0,0,0,10,0,0,0,0,0,0,0,0,0,0,0,1,1,0,0,0,0,0,0,1,0,0,0,0,0,0,0,2,2,2,0,1,0,1,0,0,0,1,1,0,2,0,11,2,0,0,0,0,3,1,0,0,0,0,0,0,5,0,3,0,0,1,16,0,0,0,0,0,0,0,0,1,0,0,1,0,0,0,1,0,0,0,0,0,2,1,0,1,4,12,1,0,0,4,0,0,0,0,0,0,0,0,0,0,0,0,0,0,5,3,0,0,0,1,2,0
68,Sozialdemokratische Partei der Schweiz (SP),Christian Levrat,0,0,0,0,0,0,0,0,0,0,0,0,0,0,0,0,0,0,0,0,0,0,0,0,0,0,0,0,0,0,0,0,0,0,0,0,0,0,0,0,0,0,0,0,0,0,0,0,0,0,0,0,0,0,0,0,0,0,0,0,0,0,0,0,0,0,0,0,0,0,0,0,0,0,0,0,0,0,0,0,0,0,0,0,0,0,0,1,0,0,0,1,0,0,0,0,0,0,2,1,0,0,0,1,0,0,0,0,0,0,0,0,0,0,0,0,0,0,0,0,0,0,0,0,0,0,0,0,0,0,0,0,0,0,0,0,0,0,0,0,0,0,0,0,0,0,0,0,0,0,0,0,0,0,0,0,0,0,0,0,0,0,0,0,0,0
69,Sozialdemokratische Partei der Schweiz (SP),Christine Goll,0,0,0,0,0,4,11,4,0,5,0,0,0,1,1,0,2,1,0,2,7,0,2,0,0,1,2,0,9,0,0,0,0,3,1,1,0,0,0,0,0,0,0,0,0,0,0,0,1,3,1,0,0,1,0,0,0,0,6,0,3,2,2,6,1,0,0,2,6,12,0,0,0,0,0,2,0,2,0,1,0,1,0,0,0,2,0,1,0,0,1,1,7,0,0,0,0,0,16,0,0,2,3,0,1,0,4,0,4,0,0,0,17,13,0,0,1,0,0,2,4,0,0,0,0,0,0,1,0,1,0,0,0,0,1,0,1,0,0,1,1,0,0,3,0,0,0,0,0,0,0,0,0,0,0,5,0,0,1,0,0,0,0,0,0,4
70,Sozialdemokratische Partei der Schweiz (SP),Claude Janiak,44,1,0,2,1,9,15,1,0,203,6,2,0,2,6,6,0,22,0,6,17,0,0,6,6,7,5,2,4,1,3,0,1,14,8,5,0,1,0,0,0,5,5,0,28,1,5,0,4,10,2,0,0,30,5,2,0,1,6,6,13,31,16,35,26,4,0,4,13,9,36,2,0,0,0,5,12,8,5,2,0,3,1,24,8,90,0,8,0,0,0,8,22,0,0,0,2,0,3,4,2,6,4,10,4,2,6,0,0,0,19,2,33,0,0,0,0,0,1,10,0,0,1,0,0,0,0,0,0,0,0,0,0,0,0,0,0,0,0,0,0,5,1,9,0,0,0,0,0,0,0,0,0,0,0,4,1,0,8,0,0,0,2,2,9,0
71,Sozialdemokratische Partei der Schweiz (SP),Corrado Pardini,0,0,0,0,0,0,3,7,0,0,0,0,0,0,0,0,0,0,0,1,0,0,0,0,0,0,0,0,0,0,0,0,0,0,0,0,1,0,0,0,0,0,0,0,0,0,0,0,0,0,0,0,0,0,0,0,0,0,0,0,1,0,0,0,0,0,0,0,0,1,0,0,0,0,0,0,0,0,0,0,0,0,0,0,0,0,0,0,1,0,0,0,0,0,0,0,0,0,0,0,0,0,0,0,0,0,0,0,2,0,0,0,0,0,0,0,0,0,0,0,0,0,0,0,0,0,0,0,0,1,0,0,0,0,0,0,0,0,0,2,0,0,0,0,0,0,0,0,0,0,0,0,0,0,0,0,0,0,0,0,0,0,0,0,0,0
72,Sozialdemokratische Partei der Schweiz (SP),Daniel Jositsch,2,0,0,0,0,4,15,2,0,3,3,1,0,1,0,0,0,2,0,1,0,1,1,0,0,0,0,1,0,0,6,0,2,0,2,1,0,0,0,0,0,0,1,0,2,0,0,0,0,3,0,0,0,6,0,0,0,0,1,0,0,22,7,12,2,2,0,0,0,3,2,0,0,1,0,1,8,3,0,0,0,3,0,0,0,17,0,9,4,4,0,1,17,1,0,0,1,0,0,0,2,0,1,0,0,3,1,0,6,0,0,0,3,0,0,0,0,2,0,0,0,0,0,0,0,0,6,0,0,0,0,0,1,0,3,1,1,7,0,4,0,0,0,3,0,0,0,0,0,0,0,0,0,0,0,0,0,4,0,0,0,0,5,0,1,0
73,Sozialdemokratische Partei der Schweiz (SP),Doris Stump,0,0,0,2,1,4,3,0,0,7,0,0,0,0,0,0,0,0,0,0,6,0,2,1,1,0,0,0,0,1,2,0,2,1,1,4,0,0,1,1,0,0,1,0,1,4,3,0,0,6,0,0,1,0,0,0,0,0,0,0,0,3,0,0,0,0,0,2,1,0,0,0,0,0,1,1,2,6,0,1,0,2,0,1,0,0,0,0,0,0,0,2,9,0,0,0,0,8,2,1,1,2,1,0,0,0,2,0,1,0,0,0,12,0,0,0,0,0,0,3,0,0,0,0,0,1,1,0,0,1,0,0,0,0,0,0,0,0,0,19,1,4,0,2,0,0,0,0,0,0,0,0,0,0,0,1,0,1,4,0,0,0,0,6,1,0
74,Sozialdemokratische Partei der Schweiz (SP),Edith Graf-Litscher,0,0,0,2,0,0,3,0,0,7,1,0,0,5,0,0,4,0,2,2,5,0,0,1,3,0,0,0,0,0,0,0,0,0,0,0,0,0,4,0,1,0,0,0,1,0,0,0,0,5,0,0,0,1,0,0,0,0,1,2,0,4,0,0,2,0,0,1,0,6,1,0,0,0,0,0,0,4,0,0,0,1,0,1,0,0,0,0,0,0,0,0,1,0,0,0,0,0,5,0,0,0,0,0,0,2,1,0,6,0,0,6,12,3,0,4,1,0,2,2,0,0,0,1,3,0,1,0,1,1,0,0,0,0,0,0,0,0,0,0,1,0,0,7,0,0,0,0,0,0,0,0,0,0,0,0,0,0,1,0,0,0,0,0,1,1
75,Sozialdemokratische Partei der Schweiz (SP),Eric Nussbaumer,0,0,0,2,0,2,14,0,0,10,2,0,0,0,0,0,0,0,0,4,0,0,0,3,0,3,0,0,0,0,2,0,0,0,0,1,2,0,0,0,0,0,0,0,0,20,0,1,0,1,0,0,0,1,0,0,0,0,0,0,1,7,1,1,2,0,0,0,0,0,0,0,0,0,0,1,2,0,1,0,0,0,0,4,0,0,0,0,0,0,0,13,8,0,0,0,1,0,6,6,1,0,0,1,0,1,2,0,8,0,0,0,14,0,0,0,0,0,0,4,1,0,0,1,0,1,0,0,0,1,0,1,1,0,0,1,1,0,0,3,2,0,0,5,0,0,0,0,0,0,0,0,0,0,0,0,1,0,0,0,0,0,2,3,1,0
76,Sozialdemokratische Partei der Schweiz (SP),Ernst Leuenberger,5,0,0,2,3,1,3,0,0,3,0,0,0,0,0,3,0,9,0,3,0,1,0,0,0,0,1,2,4,0,0,0,0,1,8,1,2,0,0,0,0,0,3,0,1,0,0,0,0,0,1,1,0,3,1,2,0,0,5,6,1,2,1,3,1,1,0,2,0,10,3,1,0,0,0,0,7,1,1,1,1,0,0,1,1,0,1,1,0,0,0,0,4,0,0,0,2,1,7,0,0,2,0,2,1,1,0,0,0,0,1,6,1,0,0,0,1,0,1,5,4,0,0,0,1,0,0,0,0,0,0,0,0,0,0,0,0,0,0,0,0,0,0,0,0,0,0,0,0,0,0,0,0,0,0,2,0,0,1,0,0,0,3,3,1,0
77,Sozialdemokratische Partei der Schweiz (SP),Evi Allemann,0,1,0,4,0,6,16,0,5,5,0,1,0,1,2,3,0,0,0,4,2,0,2,1,1,1,0,0,0,1,1,0,0,0,0,0,0,0,1,0,0,0,0,0,0,0,0,0,0,3,0,0,0,1,0,0,0,0,2,1,3,4,2,0,2,0,0,0,0,2,0,0,0,0,0,0,0,2,2,3,0,0,0,2,0,0,0,1,2,1,1,8,2,2,0,0,1,0,5,3,2,0,0,0,1,6,3,0,22,0,0,24,8,0,0,0,2,0,0,2,1,9,0,3,2,1,1,3,3,6,2,1,0,0,3,1,2,0,0,8,0,0,0,3,0,0,0,0,0,0,0,0,0,0,0,1,3,2,1,0,0,0,0,2,0,0
78,Sozialdemokratische Partei der Schweiz (SP),Fabio Pedrina,0,0,0,1,0,2,6,0,0,2,0,0,0,1,0,0,0,0,0,3,1,0,1,0,2,0,0,0,0,0,0,0,0,0,0,0,1,9,1,0,0,0,0,0,1,0,0,0,0,0,0,0,0,0,0,0,0,0,0,1,0,1,0,0,0,0,0,1,0,0,0,0,0,0,0,0,0,0,0,0,0,0,0,1,0,0,0,0,0,0,1,4,1,0,0,0,0,0,5,3,0,0,0,1,0,3,1,0,12,0,0,0,0,0,0,0,0,0,3,0,3,0,0,0,0,0,0,0,0,1,0,0,0,0,0,0,0,0,0,0,0,0,0,1,0,0,0,0,0,0,0,0,0,0,0,0,0,0,2,0,0,0,1,0,0,0
79,Sozialdemokratische Partei der Schweiz (SP),Hans Stöckli,3,0,0,0,1,1,1,0,0,4,0,6,0,0,1,0,0,0,0,0,0,0,0,1,0,0,0,0,0,1,0,0,0,0,0,0,0,0,0,1,0,0,0,0,2,0,2,0,0,4,0,0,0,3,0,0,0,0,1,1,0,2,2,0,3,0,0,1,1,4,0,0,1,1,0,0,9,5,0,0,0,0,3,1,0,5,0,0,0,1,0,0,2,2,0,0,1,1,0,0,0,0,0,0,0,0,1,0,2,0,0,0,20,0,0,0,0,1,0,1,0,0,0,0,0,0,0,0,0,0,0,1,0,0,0,0,2,0,0,0,0,1,8,1,0,0,0,0,0,0,0,0,0,0,0,0,0,0,0,0,0,0,1,0,0,0
80,Sozialdemokratische Partei der Schweiz (SP),Hans Widmer,1,4,0,1,0,7,17,0,2,10,2,0,0,1,1,2,0,0,0,10,1,0,1,0,1,1,0,0,0,0,1,0,0,0,0,5,0,5,0,0,1,0,2,0,2,0,0,0,3,8,1,2,0,8,0,0,0,0,10,0,1,3,0,2,0,1,0,0,1,14,8,0,0,0,0,0,0,7,1,0,0,0,0,0,0,0,0,0,0,0,0,1,0,2,0,0,6,0,1,0,1,1,0,1,0,6,5,0,13,0,0,3,14,0,0,0,0,0,0,1,0,3,0,0,12,0,1,0,0,4,0,1,0,0,0,1,2,0,0,2,0,0,0,5,0,0,0,0,0,0,0,0,0,0,0,0,0,1,1,0,0,0,0,2,2,0
81,Sozialdemokratische Partei der Schweiz (SP),Hans-Jürg Fehr,0,0,0,1,1,8,37,2,0,9,0,1,0,0,0,0,0,0,0,12,4,0,2,5,1,3,5,1,4,2,0,0,1,8,2,1,10,0,1,5,0,1,3,0,2,2,2,65,1,12,0,0,5,14,0,2,7,0,18,0,2,10,4,6,1,1,0,3,2,13,2,0,1,0,0,1,0,5,8,3,0,3,0,2,2,0,0,2,0,16,3,7,7,0,0,0,4,0,24,2,1,5,3,3,6,3,6,0,0,0,0,0,24,0,0,2,0,5,0,2,0,0,0,0,0,10,0,0,0,0,1,0,0,0,0,0,1,1,0,1,0,4,0,5,0,0,0,0,0,0,0,0,0,0,0,5,1,0,4,0,0,0,8,1,0,0
82,Sozialdemokratische Partei der Schweiz (SP),Hildegard Fässler-Osterwalder,7,0,0,0,3,8,39,2,0,22,2,2,0,2,0,3,0,0,1,7,8,5,7,5,3,3,4,0,14,5,0,1,1,11,1,3,2,0,2,0,0,3,2,0,6,4,0,0,0,8,2,1,1,24,0,1,5,0,19,0,8,37,2,0,6,7,0,2,1,17,9,0,1,0,0,0,4,7,8,2,1,4,0,1,0,2,1,23,1,16,8,9,7,2,0,7,1,4,22,0,1,57,7,0,2,2,5,0,4,0,0,2,34,0,0,0,2,2,0,10,2,0,0,0,4,0,2,0,0,0,0,2,2,0,0,1,0,1,0,4,0,16,0,14,0,0,0,0,0,0,0,0,1,0,0,4,1,1,5,1,0,0,11,3,3,3
83,Sozialdemokratische Partei der Schweiz (SP),Jacqueline Fehr,2,0,0,3,1,12,35,2,0,9,1,1,0,2,0,3,0,0,0,7,27,0,1,1,1,3,1,0,0,0,1,0,0,2,0,2,0,0,0,0,0,0,0,0,5,0,0,0,1,13,0,1,0,0,0,0,0,0,4,0,1,11,9,2,1,2,0,8,2,2,0,0,0,0,0,0,0,11,1,0,0,1,3,4,0,0,0,0,0,0,7,6,16,0,1,0,5,0,35,4,0,1,2,1,2,1,4,0,8,1,2,9,31,37,0,0,4,1,2,2,2,0,0,1,7,1,3,1,0,1,1,4,3,0,2,0,1,0,0,13,2,7,0,6,1,0,0,0,0,0,0,0,0,0,0,0,2,0,5,0,0,0,3,1,0,0
84,Sozialdemokratische Partei der Schweiz (SP),Jean-François Steiert,0,0,0,1,1,1,5,0,0,1,0,0,0,0,1,0,1,0,0,0,1,0,0,7,0,2,0,0,0,1,0,0,0,0,0,0,0,19,1,0,0,0,0,0,2,2,0,0,0,1,0,0,0,1,0,0,0,0,2,0,0,3,0,0,2,0,0,2,3,1,2,0,0,0,0,0,0,1,0,6,0,0,0,0,1,0,0,0,0,0,2,1,10,0,0,0,0,0,0,3,1,0,0,0,0,0,1,0,2,0,0,0,5,2,1,0,0,0,0,0,0,0,0,1,1,0,1,0,0,0,0,0,0,0,0,2,0,1,0,5,0,0,0,1,0,0,0,0,0,0,0,0,0,0,0,0,1,1,0,0,0,0,1,0,1,5
85,Sozialdemokratische Partei der Schweiz (SP),Margret Kiener Nellen,1,1,0,0,2,8,52,8,0,9,2,1,2,1,1,1,0,0,10,8,0,0,2,10,1,3,0,0,10,0,1,2,0,3,0,3,0,7,0,0,3,11,1,0,5,4,2,0,0,5,1,0,1,29,0,3,0,0,7,1,1,14,0,0,5,2,0,3,1,13,39,0,0,1,0,0,1,2,2,6,1,5,0,1,0,1,0,2,1,5,0,3,1,0,0,0,0,1,63,0,3,3,2,1,0,1,9,0,29,0,0,3,15,0,0,5,5,0,0,5,1,0,2,4,0,2,4,5,0,9,11,0,1,0,4,0,4,1,0,12,1,1,4,4,0,0,0,0,0,0,0,0,0,0,0,0,0,4,1,0,0,0,2,3,0,3
86,Sozialdemokratische Partei der Schweiz (SP),Marina Carobbio Guscetti,0,0,0,0,0,4,12,0,0,0,0,0,0,1,0,0,0,2,0,3,1,0,4,1,0,1,0,0,1,1,0,0,1,0,0,0,0,4,0,0,1,0,0,0,1,0,0,0,0,0,3,0,0,3,0,1,0,1,0,0,0,1,0,2,0,1,0,0,0,5,3,0,0,0,0,0,0,0,0,0,0,0,0,0,2,0,0,0,0,0,0,1,6,1,0,0,0,0,8,0,1,0,0,0,0,0,5,0,7,0,0,2,2,7,0,1,0,0,3,1,0,2,0,0,0,0,0,2,0,5,0,0,0,0,0,1,0,0,0,0,0,0,0,2,0,0,0,0,0,0,0,0,0,0,0,0,1,0,0,0,0,0,0,0,0,0
87,Sozialdemokratische Partei der Schweiz (SP),Mario Fehr,2,0,0,0,0,2,6,0,0,3,0,0,0,1,2,0,0,0,1,7,0,0,0,0,2,0,1,0,0,1,0,0,1,0,1,1,1,0,2,1,0,0,0,0,1,0,0,50,0,0,0,1,4,7,0,0,0,2,2,3,5,11,3,1,0,0,4,3,0,7,2,0,0,0,0,1,0,0,2,0,0,5,0,1,4,0,0,2,0,0,0,2,6,0,1,0,2,0,3,0,0,0,1,1,0,0,6,1,3,1,1,0,4,0,0,0,1,0,0,3,0,0,1,1,4,6,0,1,0,0,0,0,0,0,0,0,0,0,0,2,0,2,0,12,0,0,0,0,0,0,0,0,0,0,0,0,1,0,4,1,0,0,1,0,3,0
88,Sozialdemokratische Partei der Schweiz (SP),Max Chopard-Acklin,0,2,0,1,2,0,6,0,0,5,0,0,0,0,0,0,0,0,0,1,1,0,1,0,2,0,0,0,0,0,0,0,0,0,0,0,0,0,0,0,0,0,0,0,0,4,0,1,2,1,2,0,0,4,0,0,0,0,1,0,0,2,1,1,1,0,0,0,0,7,0,0,0,0,0,0,0,1,0,0,0,0,0,0,0,0,0,0,2,0,0,1,3,1,0,0,0,0,25,0,0,0,0,0,0,0,0,0,4,0,0,0,4,0,0,0,2,0,0,0,0,0,0,1,2,0,2,0,0,2,1,0,0,0,0,0,0,0,0,2,0,0,0,1,0,0,0,0,0,0,0,0,0,0,0,0,1,0,0,0,0,0,0,0,0,0
89,Sozialdemokratische Partei der Schweiz (SP),Micheline Calmy-Rey,0,0,0,0,0,0,0,0,0,0,0,0,0,0,0,0,0,0,0,0,0,0,0,0,0,0,0,0,0,0,0,0,0,0,0,0,0,1,0,0,0,0,0,0,0,0,0,0,0,0,0,0,0,0,0,0,0,0,0,0,0,0,0,0,0,0,0,0,0,0,0,1,0,0,0,0,0,0,0,0,0,0,0,0,0,0,0,0,0,0,0,0,0,0,0,0,0,0,0,0,0,0,0,0,0,0,0,0,0,0,0,0,0,0,0,0,0,0,0,1,0,0,0,0,0,0,0,0,0,0,0,0,0,0,0,0,0,0,0,0,0,0,0,0,0,0,0,0,0,0,0,0,0,0,0,0,0,0,0,0,0,0,0,0,0,0
90,Sozialdemokratische Partei der Schweiz (SP),Moritz Leuenberger,1,0,0,22,4,23,35,0,0,12,6,0,0,0,7,12,0,2,0,0,0,0,1,11,11,6,11,10,0,4,3,0,5,6,9,23,0,0,2,8,1,2,18,0,19,60,1,38,6,0,2,15,0,0,6,0,0,0,11,1,6,20,7,8,2,16,0,3,4,0,1,0,2,0,1,2,10,1,26,6,2,12,1,1,0,2,1,4,0,0,3,4,20,0,0,0,7,0,53,4,7,2,2,9,17,2,36,6,0,0,0,29,26,0,0,0,2,15,63,6,13,0,2,0,0,0,0,0,0,0,0,0,0,0,0,0,0,0,0,0,0,7,1,0,0,0,0,0,0,0,0,0,0,0,0,0,3,0,1,0,0,0,1,3,6,0
91,Sozialdemokratische Partei der Schweiz (SP),Pascale Bruderer Wyss,1,0,0,13,2,153,99,0,0,24,0,0,0,5,14,0,3,0,0,2,0,0,1,3,8,0,0,0,5,0,1,0,0,2,13,5,0,2,0,0,0,0,0,0,2,0,0,1,1,15,5,0,0,12,0,0,3,1,9,6,0,3,0,3,4,0,0,6,3,13,0,0,1,1,0,0,0,12,1,2,0,1,0,43,0,2,0,0,0,3,0,1,11,2,4,0,0,0,1,0,0,2,0,1,4,5,0,0,9,0,0,1,25,2,3,0,0,0,0,2,0,0,0,3,0,7,3,0,1,1,0,2,3,0,0,1,1,0,0,8,1,3,4,9,2,0,0,0,0,0,1,0,12,0,12,12,9,1,2,0,0,0,0,1,1,0
92,Sozialdemokratische Partei der Schweiz (SP),Paul Rechsteiner,0,0,0,0,1,3,14,28,0,4,2,0,0,0,0,2,3,0,0,4,11,0,0,0,0,0,5,0,0,0,2,0,0,1,0,0,0,0,0,0,0,0,0,0,6,0,0,0,1,3,1,0,1,8,0,0,3,0,0,1,1,6,2,2,1,2,0,4,2,6,0,0,0,0,0,0,0,2,2,0,0,3,0,1,1,0,0,0,0,6,0,0,2,0,0,1,0,1,25,2,0,3,0,0,0,0,1,0,7,0,0,4,9,0,0,19,3,0,0,0,8,0,0,0,3,0,0,0,0,2,0,0,0,0,0,0,0,0,0,0,0,5,0,0,0,0,0,0,0,0,0,0,0,0,0,1,1,0,1,0,0,0,5,4,0,3
93,Sozialdemokratische Partei der Schweiz (SP),Prisca Birrer-Heimo,0,0,0,0,0,0,3,0,0,5,0,0,0,0,0,0,0,0,0,1,1,0,6,2,0,0,0,0,0,0,0,0,0,0,0,0,0,0,0,0,0,0,0,0,0,0,0,0,0,1,1,0,0,0,0,0,0,0,1,0,2,1,0,0,0,0,0,0,0,5,2,0,0,0,0,0,0,0,0,1,0,0,0,0,0,0,0,4,0,1,0,0,0,0,0,0,0,2,8,0,1,0,0,0,0,0,0,0,1,0,0,0,3,0,0,0,0,1,0,0,0,3,0,0,0,0,1,0,1,0,0,1,0,0,0,0,0,0,0,0,1,0,0,0,0,0,0,0,0,0,0,0,0,0,0,0,0,0,0,0,0,0,0,0,0,0
94,Sozialdemokratische Partei der Schweiz (SP),Roberto Zanetti,1,1,0,0,0,0,2,0,0,0,0,0,0,0,1,0,0,0,0,0,6,0,0,0,0,0,1,0,1,1,0,0,0,1,0,0,0,0,2,0,0,0,0,0,1,0,0,0,0,2,1,0,0,5,0,0,0,0,2,1,5,8,0,0,0,2,0,1,0,4,0,0,0,0,0,0,2,2,0,0,0,0,0,0,1,0,0,0,0,0,0,0,4,0,0,0,0,0,6,2,0,1,1,0,0,1,0,0,0,0,0,1,5,0,0,0,2,0,0,1,0,0,0,0,0,0,0,0,0,0,0,0,0,0,0,0,0,0,0,0,0,0,0,1,0,0,0,0,0,0,0,0,0,0,0,1,0,0,0,0,0,0,0,0,3,3
95,Sozialdemokratische Partei der Schweiz (SP),Roger Nordmann,0,0,0,0,0,0,0,0,0,0,0,0,0,0,0,0,0,0,0,0,0,0,0,0,0,0,0,0,0,0,0,0,0,0,0,0,0,0,0,0,0,0,0,0,0,0,0,0,0,0,0,0,0,0,0,0,0,0,1,0,0,0,0,0,0,0,0,0,0,0,0,0,0,0,0,0,0,0,0,0,0,0,0,0,0,0,0,0,0,0,0,0,0,0,0,0,0,0,0,0,0,0,0,0,0,0,0,0,0,0,1,0,0,0,0,0,0,0,0,0,0,0,0,0,0,0,0,0,0,0,0,0,0,0,0,0,0,0,0,0,0,0,0,0,0,0,0,0,0,0,0,0,0,0,0,0,0,0,0,0,0,0,0,0,0,0
96,Sozialdemokratische Partei der Schweiz (SP),Rudolf Rechsteiner,2,0,0,1,0,1,9,0,0,4,0,0,0,1,1,0,9,0,0,2,3,0,0,0,1,0,1,0,0,0,0,0,0,0,1,3,0,0,0,0,0,0,2,0,0,36,0,2,0,0,0,0,0,1,0,0,0,0,1,1,0,5,2,1,1,0,0,1,1,3,1,0,0,0,0,0,1,0,0,1,0,1,0,1,1,0,0,5,0,0,0,1,3,1,0,0,0,1,25,0,1,1,0,3,0,2,4,0,0,0,0,0,2,0,0,0,0,1,0,2,1,0,0,0,3,0,0,0,0,0,0,0,0,0,1,1,0,0,0,2,0,1,0,1,0,0,0,0,0,0,0,0,0,0,0,0,2,0,1,0,0,0,1,4,2,8
97,Sozialdemokratische Partei der Schweiz (SP),Silvia Schenker,1,0,0,1,0,7,36,7,0,5,0,4,0,0,2,1,3,2,0,9,0,3,7,11,0,0,0,0,0,3,4,0,2,0,0,0,2,0,0,0,3,0,0,0,3,0,2,0,4,24,0,0,2,1,0,0,0,0,2,2,1,13,0,5,0,0,0,2,1,6,0,0,0,1,0,0,4,18,0,0,0,0,0,1,1,2,0,0,0,4,2,5,27,0,0,0,5,0,3,5,2,0,0,0,0,3,0,0,28,0,0,0,62,39,0,2,0,0,0,4,0,0,1,4,0,0,3,0,1,3,5,0,0,0,0,5,5,0,0,1,1,0,1,11,0,0,0,0,0,0,0,0,0,1,0,2,2,1,2,0,0,0,4,0,1,1
98,Sozialdemokratische Partei der Schweiz (SP),Simonetta Sommaruga,20,0,0,23,5,14,50,11,0,131,8,6,3,10,25,10,2,13,7,7,63,0,6,30,34,13,11,22,1,17,3,3,10,17,11,41,0,1,14,1,0,9,25,7,19,11,6,7,8,22,11,6,0,15,0,10,1,10,15,6,50,34,8,41,24,3,20,9,17,56,59,18,6,1,8,16,87,14,14,6,0,4,5,59,14,92,18,16,0,15,4,4,78,0,0,1,7,3,53,3,16,6,10,16,22,35,28,17,0,0,7,1,71,11,0,4,9,2,0,20,0,0,49,0,0,0,0,0,0,0,0,0,0,0,0,0,0,0,0,0,0,2,8,76,0,0,0,0,0,0,0,0,0,0,0,41,3,0,14,1,0,0,5,5,9,1
99,Sozialdemokratische Partei der Schweiz (SP),Susanne Leutenegger Oberholzer,4,0,9,1,5,20,71,10,0,27,1,13,1,0,5,7,2,4,5,12,65,4,9,13,5,6,2,0,18,2,8,0,4,24,1,41,2,0,3,0,0,7,0,0,24,1,2,0,7,26,3,2,1,56,0,0,0,0,91,14,1,7,7,27,7,4,0,7,1,27,3,1,0,7,0,3,34,20,3,1,0,3,8,2,5,74,0,44,0,2,1,10,49,2,0,17,1,4,58,13,3,4,8,4,3,7,2,0,8,0,0,1,93,1,0,3,9,3,0,13,0,0,1,2,5,0,3,0,0,0,0,2,0,9,0,1,0,0,0,3,2,7,0,39,0,0,0,0,0,0,0,0,0,0,0,4,0,0,2,1,0,0,8,2,1,5
100,Sozialdemokratische Partei der Schweiz (SP),Urs Hofmann,0,0,0,0,2,0,5,5,0,2,3,0,0,0,1,0,2,0,0,2,5,0,2,0,1,0,1,0,7,0,0,0,1,0,0,0,0,0,1,0,0,0,0,0,0,1,0,0,0,2,0,0,0,1,0,0,0,0,0,0,0,0,2,1,0,0,0,0,1,5,1,0,0,1,0,0,0,1,0,0,0,0,0,0,0,3,0,6,0,0,1,0,0,0,0,0,0,1,7,0,1,0,0,0,1,0,4,0,1,0,0,0,0,0,0,4,0,0,0,3,0,0,1,0,1,1,0,0,0,0,0,0,0,0,0,0,0,0,0,0,0,0,0,0,0,0,0,0,0,0,0,0,0,0,0,0,1,0,1,0,0,0,0,1,1,2
101,Sozialdemokratische Partei der Schweiz (SP),Ursula Wyss,0,0,0,0,0,0,5,0,1,0,0,0,0,0,0,2,0,0,0,1,0,0,1,1,0,3,0,0,4,0,1,0,1,3,0,0,0,3,0,2,0,0,0,0,2,11,0,0,0,1,0,0,0,0,0,0,0,0,2,1,6,1,0,0,0,2,0,0,1,2,0,0,0,0,0,0,0,0,1,3,0,1,1,0,1,0,0,8,0,0,1,1,2,0,0,0,0,1,15,0,0,0,0,0,0,0,1,0,1,0,0,3,5,1,0,1,1,0,0,0,3,0,0,0,0,0,0,0,0,0,0,1,0,0,3,0,1,0,0,0,0,0,0,0,0,0,0,0,0,0,0,0,0,0,0,0,1,0,0,0,0,0,0,0,1,0
102,Sozialdemokratische Partei der Schweiz (SP),Werner Marti,5,0,0,0,2,4,12,2,0,6,1,0,0,1,0,0,0,0,0,0,0,0,0,0,0,0,0,0,2,0,0,0,0,1,4,4,0,0,0,0,0,0,2,0,1,0,0,0,1,0,1,0,0,0,0,0,2,0,0,0,3,4,1,0,0,1,0,0,0,4,0,0,0,0,0,0,0,0,1,0,0,0,0,2,0,0,1,4,0,1,1,0,1,0,0,0,0,0,7,0,3,0,1,0,0,0,2,0,5,0,0,4,0,0,0,0,0,0,1,0,0,0,0,0,0,0,1,2,0,0,0,0,0,1,0,0,0,0,0,1,0,0,0,1,2,0,0,0,0,0,0,0,0,0,0,0,2,0,0,0,0,0,1,0,0,0
