Speaker Party,"('ab', 'jahr')","('ablehn', 'motion')","('administrativ', 'aufwand')","('aeschi', 'thomas')","('amtlich', 'bulletin')","('anerkannt', 'fluchtling')","('angenomm', 'word')","('anlieg', 'motion')","('annahm', 'motion')","('antrag', 'bundesrat')","('antrag', 'einigungskonferenz')","('antrag', 'gestellt')","('antrag', 'kommission')","('antrag', 'kommissionsmehr')","('antrag', 'mehrheit')","('antrag', 'mind')","('antrag', 'wurd')","('antwort', 'bundesrat')","('antwort', 'frag')","('art', 'weis')","('artikel', 'absatz')","('artikel', 'artikel')","('artikel', 'bundesverfass')","('artikel', 'stgb')","('aufmerksam', 'gemacht')","('auftrag', 'gegeb')","('aug', 'behalt')","('aussenpolit', 'kommission')","('ausserhalb', 'bauzon')","('aussicht', 'gestellt')","('automat', 'informationsaustausch')","('bdpfraktion', 'unterstutzt')","('beantragt', 'bundesrat')","('beantragt', 'einstimm')","('beantragt', 'kommission')","('beantragt', 'motion')","('beantragt', 'stimm')","('beid', 'rat')","('beim', 'bundesamt')","('beim', 'eintret')","('beitrag', 'leist')","('bereit', 'erwahnt')","('bereit', 'heut')","('bericht', 'bundesrat')","('bern', 'konvention')","('beruf', 'vorsorg')","('beschluss', 'nationalrat')","('best', 'dank')","('betroff', 'person')","('big', 'to')","('bilateral', 'vertrag')","('bildung', 'forschung')","('bitt', 'antrag')","('bitt', 'deshalb')","('bitt', 'mehrheit')","('bitt', 'mind')","('bitt', 'minderheitsantrag')","('bitt', 'motion')","('bitt', 'nam')","('bitt', 'vorlag')","('branchenorganisation', 'milch')","('buchstab', 'b')","('bund', 'kanton')","('bundesamt', 'verkehr')","('bundesrat', 'antwort')","('bundesrat', 'beantragt')","('bundesrat', 'beauftrag')","('bundesrat', 'bleib')","('bundesrat', 'entwurf')","('bundesrat', 'folg')","('bundesrat', 'frag')","('bundesrat', 'ja')","('bundesrat', 'maur')","('bundesrat', 'meinung')","('bundesrat', 'motion')","('bundesrat', 'nationalrat')","('bundesrat', 'parlament')","('bundesrat', 'sagt')","('bundesrat', 'schlagt')","('bundesrat', 'schon')","('bundesrat', 'schreibt')","('bundesrat', 'standerat')","('bundesrat', 'unterstutz')","('bundesrat', 'verwalt')","('bundesrat', 'vorgeschlag')","('bundesratin', 'leuthard')","('burgerinn', 'burg')","('conseil', 'fédéral')","('cvpfraktion', 'unterstutzt')","('dafur', 'sorg')","('dah', 'bitt')","('dan', 'le')","('dank', 'bundesrat')","('dank', 'frag')","('daran', 'erinn')","('darauf', 'aufmerksam')","('darauf', 'hingewies')","('darauf', 'hinweis')","('darauf', 'hinzuweis')","('darauf', 'verzicht')","('darub', 'diskuti')","('darub', 'hinaus')","('darum', 'bitt')","('davon', 'ausgeh')","('davon', 'uberzeugt')","('de', 'la')","('de', 'roulement')","('deshalb', 'bitt')","('deshalb', 'bundesrat')","('deshalb', 'motion')","('differenz', 'nationalrat')","('direkt', 'bundessteu')","('direkt', 'demokrati')","('direkt', 'gegenentwurf')","('diskussion', 'fuhr')","('diskussion', 'gefuhrt')","('diskutiert', 'wurd')","('drei', 'jahr')","('dreissig', 'jahr')","('ehrlich', 'gesagt')","('eidgenoss', 'finanzkontroll')","('eidgenoss', 'steuerverwalt')","('eidgenoss', 'zollverwalt')","('eigent', 'schon')","('einfach', 'sag')","('enthalt', 'abgelehnt')","('enthalt', 'angenomm')","('entscheid', 'fall')","('entsprech', 'antrag')","('entwurf', 'bundesrat')","('erinn', 'daran')","('erinner', 'ruf')","('erleichtert', 'einburger')","('erneuerbar', 'energi')","('erst', 'lini')","('erst', 'mal')","('erst', 'schritt')","('etwa', 'milliard')","('etwa', 'million')","('etwa', 'prozent')","('europa', 'gerichtshof')","('europa', 'union')","('fakultativ', 'referendum')","('fassung', 'bundesrat')","('fdpliberal', 'fraktion')","('flankier', 'massnahm')","('fluchtling', 'vorlauf')","('folg', 'geb')","('fond', 'de')","('frag', 'herr')","('frag', 'herrn')","('frag', 'stell')","('frank', 'erhoh')","('frank', 'jahr')","('frank', 'mehr')","('frank', 'pro')","('frank', 'prozent')","('frank', 'wenig')","('frau', 'bundesprasidentin')","('frau', 'bundesratin')","('frau', 'fetz')","('frau', 'kollegin')","('frau', 'mann')","('frau', 'nationalratin')","('frau', 'standeratin')","('funf', 'jahr')","('funfzehn', 'jahr')","('ganz', 'einfach')","('ganz', 'genau')","('ganz', 'klar')","('ganz', 'schweiz')","('ganz', 'sich')","('ganz', 'wichtig')","('gar', 'mehr')","('gebund', 'ausgab')","('geh', 'davon')","('geht', 'dabei')","('geht', 'darum')","('geht', 'eben')","('geht', 'einfach')","('geht', 'frag')","('geht', 'geht')","('geht', 'ja')","('geltend', 'recht')","('gemacht', 'wurd')","('gemass', 'antrag')","('gemass', 'artikel')","('gemass', 'bundesrat')","('gemischt', 'ausschuss')","('genet', 'untersuch')","('gentechn', 'verandert')","('gern', 'bereit')","('gesagt', 'bundesrat')","('gesagt', 'sei')","('gesagt', 'word')","('gesagt', 'wurd')","('geschatzt', 'frau')","('geschatzt', 'herr')","('geschatzt', 'kolleg')","('geschatzt', 'kollegin')","('gesetz', 'grundlag')","('gibt', 'ganz')","('gibt', 'ja')","('gibt', 'kanton')","('gibt', 'mehr')","('gibt', 'moglich')","('gibt', 'viel')","('gibt', 'zwei')","('glaub', 'wichtig')","('gleich', 'lang')","('global', 'forum')","('gross', 'herausforder')","('gross', 'probl')","('gross', 'teil')","('grun', 'fraktion')","('grund', 'dafur')","('grund', 'warum')","('grund', 'weshalb')","('grunliberal', 'fraktion')","('grunliberal', 'unterstutz')","('gut', 'daran')","('gut', 'gemeint')","('gut', 'grund')","('handlungsbedarf', 'besteht')","('hauslich', 'gewalt')","('herr', 'bundesprasident')","('herr', 'bundesrat')","('herr', 'caroni')","('herr', 'kolleg')","('herr', 'mind')","('herr', 'nationalrat')","('herr', 'standerat')","('herrn', 'bundesrat')","('herrn', 'standerat')","('heut', 'geltend')","('heut', 'mehr')","('heut', 'morg')","('heut', 'schon')","('hoh', 'berufsbild')","('hoh', 'fachschul')","('hoh', 'kost')","('hoh', 'million')","('imm', 'gleich')","('imm', 'mehr')","('indirekt', 'gegenvorschlag')","('initiativ', 'folg')","('interess', 'daran')","('interess', 'schweiz')","('international', 'organisation')","('international', 'recht')","('international', 'standard')","('international', 'vergleich')","('international', 'zusammenarbeit')","('ja', 'eigent')","('ja', 'gut')","('ja', 'imm')","('ja', 'nein')","('ja', 'sag')","('ja', 'schon')","('jahr', 'jahr')","('jahr', 'lang')","('jahr', 'million')","('jahr', 'prozent')","('jahr', 'spat')","('je', 'nachd')","('jugend', 'sport')","('jung', 'mensch')","('jurist', 'person')","('kanton', 'bern')","('kanton', 'bund')","('kanton', 'genf')","('kanton', 'graubund')","('kanton', 'luz')","('kanton', 'stadt')","('kanton', 'tessin')","('kanton', 'thurgau')","('kanton', 'zurich')","('kauf', 'nehm')","('kenntnis', 'genomm')","('kenntnis', 'nehm')","('kien', 'nell')","('klar', 'meinung')","('kolleg', 'caroni')","('kolleg', 'cram')","('kolleg', 'engl')","('kolleg', 'fohn')","('kolleg', 'jositsch')","('kolleg', 'mind')","('kolleg', 'nos')","('kolleg', 'ried')","('kolleg', 'stockli')","('kolleginn', 'kolleg')","('komm', 'sag')","('komm', 'schluss')","('kommission', 'antrag')","('kommission', 'beantragt')","('kommission', 'bundesrat')","('kommission', 'einstimm')","('kommission', 'empfiehlt')","('kommission', 'folg')","('kommission', 'rat')","('kommission', 'rechtsfrag')","('kommission', 'sozial')","('kommission', 'stimm')","('kommission', 'unterstutz')","('kommission', 'vorlag')","('kommission', 'wirtschaft')","('kommission', 'wurd')","('kommissionssprech', 'gesagt')","('kompetenz', 'kanton')","('konsumentinn', 'konsument')","('konzept', 'mehrheit')","('kraft', 'tret')","('kundinn', 'kund')","('kurzung', 'million')","('la', 'suiss')","('lang', 'spiess')","('lang', 'zeit')","('le', 'conseil')","('letzt', 'jahr')","('letzt', 'woch')","('leutenegg', 'oberholz')","('lieb', 'kolleg')","('losung', 'find')","('losung', 'gefund')","('macht', 'sinn')","('mann', 'frau')","('mehr', 'geld')","('mehr', 'prozent')","('mehr', 'wenig')","('mehrheit', 'finanzkommission')","('mehrheit', 'folg')","('mehrheit', 'kommission')","('mehrheit', 'mind')","('mensch', 'land')","('milliard', 'frank')","('million', 'frank')","('mind', 'aeschi')","('mind', 'folg')","('mind', 'i')","('mind', 'ii')","('mind', 'iii')","('mindest', 'prozent')","('mitarbeiterinn', 'mitarbeit')","('mocht', 'bitt')","('mocht', 'bundesrat')","('mocht', 'darauf')","('mocht', 'einfach')","('mocht', 'kommission')","('mocht', 'kurz')","('mocht', 'nochmal')","('mocht', 'schon')","('moglich', 'geb')","('moglich', 'war')","('motion', 'ablehn')","('motion', 'abzulehn')","('motion', 'anzunehm')","('motion', 'nationalrat')","('motion', 'verlangt')","('muss', 'einfach')","('muss', 'ja')","('muss', 'schau')","('muss', 'schon')","('muss', 'wiss')","('nach', 'jahr')","('nam', 'bundesrat')","('nam', 'cvpfraktion')","('nam', 'fdpliberal')","('nam', 'grunliberal')","('nam', 'spfraktion')","('nam', 'svpfraktion')","('nationalrat', 'beschloss')","('nationalrat', 'folg')","('natur', 'person')","('negativ', 'auswirk')","('nehm', 'muss')","('nein', 'sag')","('neu', 'artikel')","('neu', 'aufgab')","('neu', 'fuhrungsmodell')","('neu', 'gesetz')","('offent', 'beschaffungswes')","('offent', 'hand')","('offent', 'interess')","('offent', 'verkehr')","('paar', 'jahr')","('parlamentar', 'initiativ')","('patientinn', 'patient')","('polit', 'bildung')","('postulat', 'abzulehn')","('pro', 'jahr')","('pro', 'monat')","('prozent', 'mehr')","('prozent', 'prozent')","('rechnung', 'trag')","('recht', 'gesagt')","('regional', 'personenverkehr')","('rentnerinn', 'rentn')","('richtig', 'gesagt')","('richtig', 'richtung')","('richtig', 'verstand')","('richtung', 'geh')","('rund', 'milliard')","('rund', 'million')","('rund', 'prozent')","('rund', 'tisch')","('sach', 'kanton')","('sag', 'bundesrat')","('sag', 'ja')","('sag', 'muss')","('sag', 'sei')","('schlicht', 'einfach')","('schluss', 'gekomm')","('schon', 'frag')","('schon', 'gesagt')","('schon', 'heut')","('schon', 'sag')","('schon', 'seit')","('schutz', 'privatsphar')","('schweizer', 'nationalbank')","('schweizerinn', 'schweiz')","('sech', 'monat')","('seit', 'fahn')","('seit', 'jahr')","('servic', 'public')","('sich', 'gesund')","('sicherheitspolit', 'kommission')","('sicht', 'bundesrat')","('sicht', 'kommission')","('sinn', 'bitt')","('sozial', 'sich')","('spfraktion', 'unterstutzt')","('st', 'gall')","('staatssekretariat', 'migration')","('stadt', 'gemeind')","('standerat', 'folg')","('standerat', 'kommission')","('standesinitiativ', 'folg')","('status', 'quo')","('stellt', 'frag')","('stellung', 'nehm')","('stellungnahm', 'bundesrat')","('stimm', 'abgelehnt')","('stimm', 'enthalt')","('strateg', 'ziel')","('svpfraktion', 'unterstutzt')","('swiss', 'finish')","('to', 'fail')","('too', 'big')","('umfang', 'million')","('umsetz', 'masseneinwanderungsinitiativ')","('umso', 'mehr')","('unabhang', 'davon')","('uns', 'kommission')","('uns', 'sicht')","('unternehmenssteuerreform', 'ii')","('unternehmenssteuerreform', 'iii')","('unterstutz', 'mind')","('unterstutzt', 'cvpfraktion')","('verfug', 'steh')","('vergang', 'jahr')","('verlangt', 'bundesrat')","('viel', 'dank')","('viel', 'mensch')","('vier', 'jahr')","('volkerrecht', 'vertrag')","('vorberat', 'kommission')","('vorhin', 'gesagt')","('vorlag', 'bundesrat')","('vorlag', 'eintret')","('vorlag', 'einzutret')","('vorlauf', 'aufgenomm')","('vorlauf', 'aufnahm')","('vorschlag', 'bundesrat')","('wak', 'rat')","('war', 'ja')","('weiterentwickl', 'arme')","('wichtig', 'anlieg')","('wirtschaft', 'abgab')","('wiss', 'ja')","('worum', 'geht')","('wurd', 'gesagt')","('wurd', 'ja')","('wurd', 'kommission')","('wurd', 'schon')","('wurd', 'stimm')","('z', 'b')","('zehn', 'jahr')","('ziel', 'erreich')","('zinsbereinigt', 'gewinnsteu')","('zusamm', 'kanton')","('zwanzig', 'jahr')","('zwei', 'drei')","('zwei', 'grund')","('zwei', 'jahr')","('zwei', 'punkt')","('zweit', 'frag')","('zweit', 'punkt')","('zweit', 'saul')","('à', 'la')"
Bürgerlich-Demokratische Partei Schweiz (BDP),11.0,17.0,14.0,14.0,4.0,1.0,3.0,7.0,15.0,13.0,7.0,4.0,17.0,27.0,55.0,150.0,2.0,6.0,3.0,24.0,174.0,3.0,11.0,2.0,5.0,3.0,7.0,1.0,15.0,5.0,22.0,37.0,5.0,11.0,19.0,4.0,15.0,10.0,9.0,7.0,14.0,20.0,14.0,6.0,16.0,12.0,13.0,6.0,10.0,2.0,10.0,10.0,26.0,18.0,18.0,11.0,11.0,6.0,6.0,29.0,0.0,9.0,37.0,2.0,0.0,18.0,11.0,2.0,7.0,14.0,0.0,6.0,4.0,4.0,6.0,0.0,7.0,7.0,9.0,1.0,8.0,12.0,5.0,9.0,18.0,6.0,14.0,0.0,0.0,17.0,3.0,0.0,2.0,3.0,16.0,6.0,23.0,7.0,2.0,3.0,15.0,3.0,13.0,12.0,10.0,1.0,5.0,19.0,5.0,4.0,5.0,21.0,11.0,1.0,5.0,4.0,5.0,21.0,9.0,0.0,15.0,4.0,6.0,6.0,9.0,3.0,4.0,2.0,4.0,25.0,8.0,5.0,0.0,27.0,18.0,13.0,18.0,5.0,9.0,17.0,6.0,5.0,3.0,7.0,1.0,4.0,0.0,60.0,5.0,1.0,1.0,20.0,3.0,4.0,8.0,10.0,4.0,1.0,6.0,29.0,0.0,14.0,13.0,5.0,3.0,21.0,6.0,21.0,5.0,46.0,9.0,16.0,5.0,7.0,4.0,21.0,3.0,77.0,6.0,5.0,14.0,15.0,16.0,26.0,11.0,9.0,16.0,8.0,1.0,9.0,7.0,1.0,5.0,10.0,5.0,15.0,1.0,2.0,1.0,0.0,29.0,6.0,12.0,6.0,4.0,4.0,2.0,3.0,3.0,14.0,1.0,9.0,2.0,8.0,1.0,15.0,14.0,10.0,0.0,0.0,14.0,10.0,6.0,24.0,4.0,1.0,11.0,0.0,42.0,0.0,9.0,33.0,0.0,7.0,8.0,9.0,3.0,20.0,3.0,0.0,1.0,5.0,6.0,16.0,24.0,35.0,10.0,2.0,2.0,2.0,5.0,4.0,15.0,11.0,5.0,13.0,6.0,5.0,20.0,8.0,2.0,2.0,5.0,13.0,4.0,2.0,11.0,7.0,25.0,3.0,4.0,11.0,0.0,1.0,3.0,7.0,5.0,4.0,10.0,4.0,8.0,28.0,0.0,0.0,2.0,2.0,0.0,1.0,6.0,4.0,0.0,9.0,5.0,5.0,6.0,50.0,3.0,5.0,9.0,8.0,3.0,7.0,0.0,21.0,1.0,6.0,1.0,12.0,3.0,0.0,3.0,1.0,4.0,5.0,3.0,0.0,15.0,12.0,0.0,76.0,3.0,5.0,9.0,14.0,7.0,19.0,10.0,16.0,6.0,15.0,9.0,64.0,91.0,10.0,11.0,85.0,196.0,7.0,10.0,31.0,27.0,11.0,6.0,6.0,36.0,6.0,4.0,11.0,0.0,7.0,0.0,6.0,10.0,10.0,4.0,11.0,16.0,3.0,4.0,8.0,7.0,0.0,4.0,2.0,48.0,1.0,0.0,0.0,0.0,0.0,0.0,5.0,4.0,5.0,6.0,0.0,4.0,5.0,4.0,2.0,10.0,3.0,18.0,7.0,24.0,3.0,100.0,8.0,0.0,2.0,22.0,2.0,6.0,9.0,14.0,0.0,0.0,4.0,2.0,7.0,6.0,5.0,10.0,16.0,20.0,3.0,4.0,2.0,9.0,3.0,7.0,6.0,11.0,11.0,20.0,5.0,5.0,6.0,6.0,2.0,12.0,6.0,10.0,22.0,12.0,0.0,3.0,1.0,2.0,8.0,0.0,0.0,10.0,6.0,3.0,18.0,9.0,14.0,22.0,13.0,7.0,17.0,7.0,46.0,0.0,0.0,0.0,2.0,2.0,1.0,0.0,7.0,6.0,8.0,14.0,6.0,19.0,32.0,0.0,5.0,3.0,1.0,3.0,4.0,33.0,5.0,3.0,10.0,6.0,32.0,43.0,5.0,0.0,11.0,0.0,8.0,3.0,3.0,1.0,4.0,29.0,28.0,7.0,14.0,23.0,3.0,37.0,41.0,18.0,0.0,2.0,12.0,12.0,11.0,20.0,7.0,6.0,3.0,7.0,2.0
Christlich-soziale Partei Obwalden (csp-ow),1.0,3.0,2.0,0.0,0.0,0.0,0.0,4.0,4.0,2.0,9.0,0.0,1.0,7.0,16.0,52.0,0.0,0.0,0.0,4.0,167.0,3.0,26.0,37.0,0.0,3.0,0.0,0.0,8.0,0.0,0.0,0.0,6.0,2.0,3.0,0.0,6.0,7.0,0.0,4.0,0.0,0.0,25.0,3.0,1.0,0.0,3.0,1.0,6.0,0.0,2.0,0.0,5.0,1.0,19.0,12.0,3.0,1.0,10.0,9.0,0.0,1.0,13.0,0.0,1.0,4.0,0.0,0.0,3.0,6.0,0.0,0.0,1.0,2.0,1.0,0.0,2.0,0.0,0.0,0.0,0.0,6.0,0.0,0.0,5.0,0.0,1.0,0.0,8.0,2.0,0.0,0.0,0.0,2.0,0.0,0.0,5.0,0.0,0.0,0.0,0.0,4.0,0.0,1.0,3.0,0.0,0.0,0.0,0.0,0.0,1.0,0.0,0.0,0.0,0.0,0.0,2.0,0.0,0.0,1.0,1.0,0.0,0.0,0.0,3.0,3.0,9.0,0.0,0.0,6.0,5.0,1.0,0.0,10.0,2.0,0.0,1.0,0.0,2.0,0.0,0.0,1.0,0.0,4.0,0.0,1.0,0.0,29.0,0.0,0.0,0.0,3.0,0.0,0.0,1.0,3.0,0.0,0.0,1.0,8.0,0.0,7.0,1.0,0.0,0.0,2.0,1.0,5.0,0.0,1.0,2.0,0.0,1.0,0.0,1.0,3.0,4.0,12.0,0.0,0.0,20.0,0.0,0.0,20.0,1.0,3.0,48.0,2.0,0.0,0.0,0.0,0.0,0.0,0.0,1.0,6.0,0.0,0.0,0.0,0.0,10.0,0.0,0.0,0.0,0.0,0.0,0.0,0.0,0.0,0.0,0.0,2.0,0.0,2.0,0.0,0.0,0.0,0.0,0.0,0.0,2.0,0.0,0.0,6.0,8.0,0.0,4.0,0.0,12.0,0.0,0.0,0.0,0.0,0.0,0.0,0.0,2.0,3.0,0.0,0.0,1.0,1.0,0.0,0.0,5.0,27.0,2.0,2.0,0.0,1.0,0.0,4.0,0.0,1.0,1.0,1.0,0.0,0.0,0.0,0.0,0.0,0.0,0.0,0.0,1.0,0.0,0.0,3.0,1.0,0.0,0.0,0.0,0.0,0.0,0.0,0.0,1.0,0.0,1.0,1.0,0.0,3.0,0.0,0.0,0.0,0.0,0.0,0.0,0.0,0.0,0.0,1.0,0.0,0.0,0.0,16.0,0.0,1.0,4.0,4.0,0.0,12.0,0.0,17.0,0.0,2.0,0.0,2.0,2.0,0.0,8.0,0.0,1.0,0.0,0.0,0.0,0.0,0.0,0.0,14.0,4.0,0.0,1.0,2.0,1.0,5.0,1.0,0.0,0.0,2.0,0.0,89.0,44.0,3.0,2.0,5.0,34.0,0.0,13.0,21.0,16.0,6.0,2.0,0.0,0.0,0.0,0.0,0.0,0.0,0.0,0.0,0.0,0.0,2.0,0.0,0.0,2.0,0.0,0.0,1.0,0.0,0.0,0.0,0.0,0.0,0.0,53.0,0.0,0.0,0.0,0.0,0.0,0.0,7.0,0.0,0.0,0.0,10.0,0.0,0.0,3.0,0.0,2.0,5.0,0.0,0.0,99.0,0.0,0.0,0.0,2.0,0.0,0.0,0.0,7.0,0.0,0.0,0.0,0.0,1.0,0.0,0.0,0.0,5.0,4.0,0.0,2.0,0.0,1.0,0.0,0.0,0.0,1.0,1.0,3.0,3.0,0.0,0.0,0.0,0.0,1.0,4.0,0.0,8.0,0.0,0.0,0.0,0.0,0.0,1.0,0.0,0.0,2.0,0.0,0.0,25.0,0.0,0.0,0.0,1.0,2.0,1.0,0.0,101.0,0.0,0.0,0.0,0.0,0.0,0.0,1.0,7.0,8.0,3.0,4.0,0.0,2.0,2.0,1.0,1.0,2.0,0.0,2.0,0.0,4.0,0.0,2.0,0.0,0.0,7.0,34.0,0.0,0.0,0.0,0.0,0.0,0.0,0.0,0.0,1.0,2.0,30.0,0.0,5.0,1.0,3.0,11.0,4.0,0.0,0.0,0.0,1.0,3.0,0.0,10.0,0.0,0.0,0.0,0.0,0.0
Christlichdemokratische Volkspartei Oberwallis (CVPO),0.0,0.0,0.0,0.0,0.0,0.0,0.0,0.0,0.0,0.0,0.0,0.0,0.0,0.0,1.0,1.0,0.0,0.0,0.0,1.0,11.0,0.0,0.0,0.0,0.0,0.0,0.0,0.0,0.0,0.0,0.0,0.0,0.0,0.0,0.0,0.0,0.0,0.0,0.0,0.0,0.0,2.0,0.0,0.0,0.0,0.0,0.0,0.0,0.0,0.0,0.0,0.0,0.0,0.0,1.0,1.0,1.0,0.0,1.0,0.0,0.0,0.0,0.0,0.0,0.0,0.0,0.0,0.0,0.0,0.0,0.0,0.0,0.0,0.0,0.0,0.0,0.0,0.0,0.0,0.0,0.0,0.0,0.0,0.0,0.0,0.0,1.0,0.0,1.0,0.0,0.0,0.0,0.0,0.0,0.0,0.0,0.0,0.0,0.0,0.0,0.0,0.0,0.0,0.0,0.0,1.0,0.0,0.0,0.0,0.0,0.0,0.0,0.0,0.0,0.0,0.0,0.0,0.0,0.0,0.0,0.0,0.0,0.0,0.0,0.0,0.0,0.0,0.0,0.0,0.0,0.0,0.0,0.0,0.0,0.0,0.0,0.0,0.0,0.0,0.0,0.0,0.0,0.0,0.0,0.0,0.0,0.0,0.0,0.0,0.0,0.0,4.0,0.0,0.0,0.0,0.0,0.0,0.0,0.0,1.0,0.0,0.0,0.0,1.0,0.0,0.0,0.0,0.0,0.0,2.0,0.0,0.0,0.0,0.0,0.0,0.0,0.0,0.0,0.0,0.0,0.0,0.0,0.0,0.0,0.0,0.0,0.0,0.0,0.0,0.0,0.0,0.0,0.0,0.0,0.0,0.0,0.0,1.0,1.0,0.0,0.0,0.0,1.0,0.0,0.0,0.0,0.0,0.0,0.0,0.0,0.0,0.0,0.0,0.0,0.0,0.0,1.0,0.0,0.0,0.0,0.0,0.0,0.0,0.0,0.0,0.0,0.0,0.0,5.0,0.0,0.0,0.0,0.0,0.0,0.0,0.0,0.0,0.0,0.0,0.0,0.0,0.0,0.0,0.0,2.0,0.0,0.0,0.0,0.0,0.0,0.0,0.0,0.0,0.0,0.0,0.0,0.0,0.0,0.0,0.0,0.0,0.0,0.0,0.0,0.0,0.0,0.0,0.0,0.0,0.0,0.0,0.0,0.0,0.0,0.0,0.0,0.0,0.0,0.0,0.0,0.0,0.0,0.0,0.0,0.0,0.0,0.0,0.0,0.0,0.0,0.0,0.0,0.0,0.0,0.0,0.0,0.0,0.0,0.0,0.0,0.0,1.0,0.0,0.0,0.0,0.0,0.0,0.0,0.0,0.0,0.0,0.0,0.0,0.0,0.0,0.0,0.0,0.0,0.0,0.0,0.0,0.0,0.0,0.0,0.0,0.0,0.0,0.0,1.0,0.0,0.0,1.0,1.0,0.0,0.0,0.0,1.0,0.0,0.0,4.0,1.0,0.0,0.0,0.0,0.0,0.0,0.0,0.0,0.0,0.0,0.0,0.0,0.0,0.0,0.0,0.0,0.0,0.0,0.0,0.0,0.0,0.0,0.0,0.0,0.0,0.0,1.0,0.0,0.0,0.0,0.0,0.0,0.0,0.0,0.0,0.0,0.0,0.0,1.0,0.0,0.0,0.0,0.0,0.0,0.0,0.0,0.0,0.0,0.0,0.0,0.0,0.0,0.0,0.0,0.0,0.0,0.0,0.0,0.0,0.0,0.0,0.0,0.0,0.0,0.0,0.0,0.0,0.0,0.0,0.0,0.0,2.0,0.0,0.0,0.0,0.0,0.0,0.0,0.0,0.0,0.0,0.0,0.0,0.0,0.0,0.0,0.0,0.0,0.0,2.0,0.0,0.0,0.0,0.0,0.0,0.0,0.0,0.0,0.0,0.0,0.0,0.0,0.0,0.0,0.0,0.0,0.0,0.0,0.0,0.0,0.0,0.0,0.0,0.0,1.0,0.0,0.0,1.0,0.0,0.0,0.0,0.0,0.0,0.0,0.0,0.0,0.0,0.0,1.0,0.0,0.0,0.0,0.0,1.0,0.0,0.0,0.0,0.0,0.0,0.0,0.0,0.0,0.0,0.0,0.0,0.0,0.0,0.0,0.0,0.0,0.0,0.0,0.0,0.0,0.0,0.0,0.0,0.0,0.0,0.0
Christlichdemokratische Volkspartei der Schweiz (CVP),39.0,102.0,65.0,38.0,50.0,9.0,25.0,34.0,140.0,93.0,26.0,35.0,110.0,101.0,150.0,366.0,83.0,71.0,49.0,55.0,1096.0,38.0,140.0,24.0,20.0,27.0,22.0,19.0,90.0,39.0,36.0,0.0,64.0,47.0,102.0,37.0,110.0,127.0,28.0,42.0,44.0,58.0,143.0,72.0,49.0,34.0,92.0,45.0,34.0,15.0,55.0,57.0,83.0,82.0,122.0,77.0,27.0,88.0,102.0,47.0,41.0,94.0,284.0,70.0,49.0,165.0,38.0,7.0,40.0,86.0,29.0,52.0,34.0,22.0,64.0,44.0,86.0,38.0,37.0,38.0,38.0,60.0,28.0,26.0,76.0,23.0,80.0,20.0,138.0,48.0,15.0,15.0,49.0,18.0,50.0,26.0,132.0,83.0,15.0,20.0,41.0,52.0,8.0,42.0,32.0,71.0,36.0,77.0,43.0,25.0,36.0,52.0,52.0,30.0,38.0,32.0,39.0,155.0,31.0,14.0,62.0,56.0,40.0,32.0,44.0,74.0,59.0,31.0,53.0,178.0,43.0,23.0,12.0,107.0,89.0,61.0,31.0,17.0,53.0,76.0,41.0,75.0,43.0,45.0,22.0,43.0,6.0,225.0,36.0,10.0,16.0,81.0,32.0,59.0,47.0,197.0,24.0,42.0,25.0,154.0,23.0,55.0,17.0,62.0,26.0,150.0,44.0,53.0,24.0,64.0,58.0,35.0,27.0,24.0,49.0,98.0,44.0,257.0,20.0,19.0,107.0,31.0,57.0,166.0,35.0,41.0,174.0,50.0,30.0,24.0,35.0,22.0,26.0,31.0,42.0,70.0,13.0,22.0,18.0,8.0,174.0,21.0,55.0,24.0,17.0,24.0,43.0,27.0,18.0,82.0,31.0,50.0,30.0,73.0,5.0,62.0,11.0,45.0,0.0,0.0,35.0,23.0,25.0,63.0,32.0,22.0,142.0,17.0,170.0,13.0,141.0,181.0,27.0,37.0,33.0,29.0,90.0,119.0,24.0,20.0,64.0,51.0,16.0,117.0,87.0,145.0,48.0,34.0,19.0,14.0,32.0,38.0,86.0,33.0,24.0,39.0,32.0,34.0,65.0,60.0,49.0,42.0,56.0,38.0,36.0,43.0,40.0,48.0,37.0,50.0,38.0,55.0,28.0,29.0,49.0,54.0,61.0,39.0,77.0,56.0,19.0,36.0,29.0,53.0,14.0,30.0,32.0,37.0,38.0,20.0,30.0,35.0,5.0,52.0,70.0,224.0,47.0,70.0,30.0,136.0,43.0,98.0,11.0,223.0,19.0,68.0,53.0,81.0,21.0,21.0,76.0,16.0,57.0,57.0,19.0,15.0,76.0,52.0,15.0,357.0,70.0,13.0,19.0,88.0,45.0,79.0,27.0,43.0,41.0,53.0,24.0,213.0,522.0,51.0,23.0,726.0,1806.0,25.0,80.0,192.0,116.0,29.0,48.0,23.0,29.0,60.0,31.0,54.0,22.0,32.0,33.0,25.0,47.0,52.0,28.0,144.0,133.0,33.0,68.0,16.0,13.0,11.0,19.0,13.0,188.0,28.0,109.0,0.0,0.0,0.0,1.0,30.0,107.0,42.0,28.0,17.0,23.0,48.0,25.0,13.0,76.0,46.0,124.0,40.0,191.0,42.0,548.0,47.0,18.0,17.0,252.0,22.0,42.0,45.0,68.0,77.0,74.0,26.0,79.0,45.0,11.0,26.0,73.0,207.0,140.0,22.0,41.0,11.0,52.0,28.0,27.0,21.0,50.0,28.0,79.0,73.0,33.0,36.0,19.0,32.0,64.0,44.0,30.0,131.0,241.0,12.0,66.0,45.0,28.0,95.0,20.0,0.0,93.0,9.0,21.0,90.0,42.0,48.0,43.0,82.0,46.0,86.0,96.0,684.0,27.0,0.0,19.0,15.0,15.0,53.0,23.0,50.0,38.0,119.0,74.0,16.0,78.0,24.0,61.0,61.0,70.0,34.0,17.0,32.0,137.0,43.0,90.0,46.0,77.0,57.0,170.0,54.0,13.0,42.0,32.0,36.0,53.0,44.0,52.0,23.0,64.0,75.0,37.0,145.0,40.0,89.0,170.0,241.0,49.0,54.0,19.0,118.0,107.0,23.0,156.0,41.0,27.0,35.0,88.0,34.0
Christlichsoziale Volkspartei Oberwallis (CSPO),0.0,1.0,0.0,0.0,0.0,0.0,0.0,0.0,0.0,3.0,0.0,1.0,0.0,0.0,2.0,9.0,0.0,0.0,0.0,1.0,5.0,0.0,0.0,0.0,0.0,0.0,0.0,0.0,7.0,1.0,0.0,0.0,0.0,0.0,0.0,0.0,2.0,0.0,4.0,0.0,1.0,2.0,4.0,0.0,0.0,0.0,0.0,1.0,0.0,0.0,0.0,4.0,2.0,14.0,0.0,1.0,0.0,1.0,0.0,0.0,0.0,0.0,1.0,0.0,0.0,2.0,0.0,0.0,0.0,1.0,1.0,1.0,0.0,0.0,0.0,0.0,0.0,0.0,0.0,0.0,0.0,0.0,0.0,1.0,0.0,0.0,0.0,0.0,3.0,0.0,0.0,0.0,0.0,0.0,0.0,1.0,1.0,4.0,0.0,0.0,2.0,0.0,0.0,0.0,0.0,0.0,0.0,1.0,0.0,0.0,0.0,1.0,0.0,0.0,0.0,0.0,0.0,0.0,0.0,0.0,1.0,0.0,0.0,1.0,0.0,0.0,0.0,0.0,2.0,2.0,2.0,0.0,0.0,0.0,0.0,0.0,0.0,0.0,0.0,1.0,0.0,2.0,0.0,0.0,0.0,0.0,0.0,1.0,0.0,0.0,0.0,0.0,0.0,0.0,0.0,5.0,0.0,1.0,0.0,1.0,0.0,0.0,0.0,0.0,0.0,3.0,0.0,0.0,0.0,1.0,0.0,0.0,0.0,0.0,1.0,3.0,0.0,8.0,0.0,0.0,0.0,1.0,0.0,0.0,0.0,0.0,0.0,0.0,0.0,0.0,0.0,0.0,0.0,0.0,0.0,0.0,0.0,0.0,0.0,0.0,0.0,0.0,1.0,0.0,0.0,0.0,0.0,0.0,0.0,0.0,0.0,0.0,0.0,0.0,0.0,0.0,0.0,0.0,0.0,0.0,0.0,0.0,0.0,1.0,0.0,0.0,0.0,0.0,0.0,0.0,0.0,0.0,0.0,0.0,1.0,1.0,0.0,0.0,1.0,0.0,0.0,0.0,1.0,0.0,0.0,1.0,0.0,0.0,1.0,0.0,0.0,0.0,2.0,1.0,0.0,1.0,0.0,0.0,1.0,0.0,0.0,2.0,0.0,0.0,0.0,0.0,0.0,0.0,3.0,1.0,0.0,1.0,0.0,0.0,0.0,0.0,0.0,0.0,0.0,0.0,4.0,0.0,0.0,0.0,0.0,0.0,0.0,0.0,0.0,0.0,0.0,0.0,0.0,0.0,2.0,3.0,0.0,0.0,0.0,0.0,0.0,0.0,0.0,0.0,0.0,0.0,0.0,0.0,0.0,1.0,0.0,0.0,0.0,0.0,5.0,0.0,0.0,0.0,0.0,5.0,3.0,0.0,0.0,0.0,0.0,0.0,0.0,0.0,0.0,1.0,2.0,0.0,2.0,0.0,0.0,19.0,71.0,0.0,1.0,2.0,8.0,0.0,0.0,0.0,2.0,0.0,1.0,4.0,0.0,0.0,0.0,0.0,0.0,0.0,0.0,0.0,2.0,0.0,0.0,1.0,0.0,0.0,1.0,0.0,5.0,0.0,4.0,0.0,0.0,0.0,0.0,0.0,0.0,0.0,0.0,0.0,0.0,0.0,0.0,0.0,0.0,0.0,0.0,0.0,10.0,0.0,4.0,0.0,0.0,0.0,2.0,0.0,0.0,0.0,0.0,0.0,0.0,0.0,0.0,0.0,0.0,0.0,1.0,2.0,2.0,0.0,0.0,0.0,0.0,0.0,0.0,0.0,0.0,0.0,1.0,0.0,1.0,0.0,0.0,0.0,0.0,0.0,0.0,0.0,2.0,0.0,0.0,0.0,0.0,1.0,0.0,0.0,1.0,0.0,0.0,3.0,0.0,0.0,0.0,1.0,0.0,0.0,0.0,3.0,0.0,0.0,0.0,0.0,0.0,1.0,0.0,0.0,1.0,0.0,8.0,0.0,0.0,0.0,1.0,0.0,3.0,0.0,0.0,0.0,1.0,0.0,0.0,0.0,0.0,0.0,0.0,0.0,0.0,0.0,0.0,1.0,0.0,0.0,0.0,0.0,0.0,0.0,1.0,1.0,1.0,0.0,9.0,2.0,0.0,0.0,0.0,0.0,1.0,0.0,2.0,0.0,0.0,1.0,0.0,0.0
Evangelische Volkspartei der Schweiz (EVP),0.0,0.0,0.0,0.0,0.0,0.0,0.0,0.0,2.0,0.0,0.0,0.0,0.0,5.0,1.0,11.0,0.0,1.0,0.0,1.0,18.0,0.0,1.0,0.0,0.0,1.0,0.0,0.0,1.0,0.0,0.0,0.0,0.0,0.0,2.0,0.0,3.0,3.0,0.0,1.0,0.0,0.0,0.0,0.0,0.0,1.0,1.0,1.0,0.0,0.0,2.0,0.0,0.0,4.0,0.0,0.0,0.0,0.0,4.0,1.0,0.0,0.0,3.0,0.0,0.0,0.0,0.0,0.0,1.0,0.0,0.0,0.0,0.0,0.0,0.0,0.0,1.0,0.0,0.0,0.0,0.0,3.0,0.0,0.0,0.0,0.0,5.0,0.0,2.0,3.0,0.0,0.0,0.0,0.0,0.0,0.0,0.0,0.0,0.0,0.0,0.0,0.0,1.0,0.0,0.0,0.0,3.0,0.0,0.0,0.0,0.0,0.0,1.0,0.0,0.0,0.0,0.0,2.0,0.0,0.0,0.0,0.0,0.0,0.0,0.0,0.0,0.0,0.0,0.0,2.0,0.0,0.0,15.0,0.0,0.0,0.0,0.0,0.0,1.0,0.0,0.0,1.0,0.0,0.0,0.0,0.0,0.0,12.0,3.0,0.0,0.0,0.0,0.0,0.0,1.0,4.0,0.0,0.0,0.0,1.0,0.0,1.0,0.0,0.0,0.0,1.0,0.0,0.0,0.0,2.0,0.0,0.0,2.0,0.0,0.0,2.0,0.0,6.0,0.0,0.0,0.0,0.0,1.0,9.0,0.0,0.0,2.0,1.0,0.0,0.0,0.0,0.0,0.0,0.0,0.0,1.0,0.0,0.0,0.0,0.0,0.0,0.0,1.0,0.0,0.0,0.0,0.0,0.0,0.0,0.0,0.0,0.0,0.0,1.0,0.0,0.0,1.0,1.0,0.0,0.0,0.0,0.0,1.0,3.0,0.0,0.0,0.0,0.0,1.0,0.0,0.0,0.0,0.0,0.0,0.0,0.0,0.0,0.0,0.0,0.0,1.0,0.0,0.0,0.0,6.0,11.0,0.0,0.0,0.0,0.0,0.0,0.0,0.0,0.0,0.0,0.0,0.0,0.0,1.0,0.0,0.0,0.0,0.0,0.0,0.0,0.0,1.0,0.0,0.0,0.0,0.0,0.0,0.0,1.0,0.0,0.0,2.0,2.0,0.0,0.0,0.0,0.0,0.0,0.0,0.0,0.0,0.0,0.0,0.0,0.0,0.0,4.0,0.0,0.0,0.0,4.0,0.0,0.0,0.0,0.0,0.0,0.0,0.0,1.0,0.0,0.0,0.0,0.0,0.0,0.0,1.0,0.0,0.0,0.0,0.0,0.0,0.0,1.0,0.0,5.0,1.0,0.0,0.0,1.0,0.0,4.0,0.0,1.0,0.0,1.0,0.0,1.0,6.0,0.0,0.0,4.0,5.0,0.0,0.0,2.0,8.0,0.0,0.0,2.0,0.0,0.0,0.0,0.0,0.0,0.0,0.0,0.0,0.0,0.0,0.0,0.0,0.0,0.0,0.0,0.0,0.0,0.0,0.0,0.0,0.0,0.0,5.0,0.0,0.0,0.0,0.0,0.0,0.0,0.0,0.0,0.0,0.0,1.0,0.0,0.0,1.0,0.0,1.0,0.0,1.0,0.0,38.0,1.0,0.0,0.0,3.0,4.0,0.0,1.0,2.0,0.0,0.0,0.0,0.0,0.0,0.0,0.0,1.0,0.0,2.0,0.0,0.0,0.0,0.0,0.0,0.0,0.0,0.0,0.0,0.0,1.0,0.0,1.0,0.0,0.0,0.0,0.0,0.0,2.0,0.0,0.0,0.0,0.0,0.0,0.0,2.0,0.0,0.0,0.0,3.0,0.0,0.0,0.0,0.0,2.0,0.0,1.0,0.0,5.0,0.0,0.0,0.0,0.0,0.0,0.0,0.0,0.0,0.0,1.0,2.0,0.0,1.0,0.0,1.0,0.0,0.0,0.0,0.0,2.0,1.0,1.0,1.0,0.0,2.0,0.0,2.0,0.0,0.0,0.0,0.0,0.0,0.0,1.0,0.0,1.0,0.0,0.0,1.0,1.0,0.0,0.0,7.0,3.0,0.0,0.0,0.0,2.0,1.0,0.0,1.0,1.0,0.0,0.0,5.0,0.0
FDP.Die Liberalen (FDP-Liberale),35.0,99.0,79.0,55.0,63.0,26.0,19.0,64.0,107.0,92.0,22.0,47.0,111.0,84.0,148.0,391.0,39.0,70.0,27.0,76.0,1010.0,33.0,135.0,42.0,27.0,42.0,16.0,49.0,18.0,31.0,88.0,0.0,60.0,36.0,74.0,25.0,89.0,78.0,47.0,55.0,35.0,68.0,162.0,63.0,0.0,26.0,92.0,51.0,54.0,32.0,76.0,75.0,109.0,102.0,112.0,78.0,45.0,70.0,74.0,52.0,15.0,65.0,209.0,17.0,31.0,161.0,37.0,24.0,78.0,126.0,24.0,52.0,71.0,53.0,78.0,41.0,71.0,48.0,31.0,26.0,27.0,28.0,21.0,24.0,51.0,29.0,91.0,86.0,0.0,69.0,28.0,40.0,48.0,52.0,55.0,68.0,211.0,137.0,44.0,24.0,27.0,47.0,40.0,69.0,39.0,152.0,46.0,51.0,38.0,22.0,36.0,74.0,32.0,26.0,55.0,27.0,25.0,129.0,22.0,10.0,86.0,47.0,36.0,24.0,54.0,37.0,54.0,15.0,35.0,214.0,70.0,47.0,15.0,54.0,90.0,55.0,27.0,26.0,49.0,81.0,36.0,150.0,33.0,40.0,695.0,68.0,14.0,214.0,47.0,34.0,27.0,115.0,23.0,37.0,57.0,164.0,35.0,20.0,41.0,268.0,18.0,69.0,28.0,88.0,15.0,115.0,28.0,88.0,28.0,132.0,33.0,20.0,55.0,32.0,53.0,111.0,26.0,287.0,20.0,19.0,83.0,23.0,59.0,192.0,40.0,50.0,178.0,66.0,40.0,20.0,13.0,14.0,38.0,31.0,24.0,67.0,15.0,11.0,24.0,16.0,137.0,29.0,45.0,23.0,26.0,24.0,35.0,37.0,11.0,40.0,25.0,30.0,16.0,48.0,6.0,40.0,48.0,30.0,4.0,0.0,44.0,17.0,32.0,34.0,9.0,25.0,182.0,8.0,163.0,21.0,222.0,100.0,42.0,21.0,32.0,27.0,74.0,119.0,61.0,24.0,34.0,24.0,28.0,93.0,88.0,115.0,49.0,48.0,50.0,26.0,26.0,34.0,127.0,39.0,26.0,38.0,42.0,31.0,52.0,54.0,40.0,34.0,49.0,28.0,31.0,26.0,17.0,45.0,38.0,47.0,23.0,36.0,20.0,22.0,42.0,9.0,32.0,30.0,105.0,84.0,16.0,23.0,21.0,23.0,36.0,49.0,26.0,41.0,25.0,41.0,27.0,67.0,6.0,39.0,49.0,185.0,48.0,70.0,62.0,123.0,50.0,89.0,27.0,184.0,16.0,37.0,22.0,74.0,17.0,17.0,59.0,30.0,29.0,20.0,31.0,50.0,41.0,49.0,77.0,292.0,77.0,34.0,21.0,85.0,32.0,47.0,26.0,37.0,29.0,69.0,30.0,210.0,417.0,34.0,17.0,519.0,1375.0,26.0,55.0,158.0,98.0,15.0,36.0,39.0,100.0,39.0,71.0,87.0,20.0,48.0,43.0,23.0,27.0,35.0,25.0,155.0,117.0,39.0,41.0,33.0,19.0,12.0,19.0,9.0,82.0,36.0,0.0,79.0,0.0,0.0,0.0,53.0,86.0,53.0,37.0,23.0,21.0,58.0,27.0,27.0,62.0,30.0,48.0,57.0,68.0,17.0,462.0,22.0,23.0,23.0,195.0,26.0,32.0,37.0,53.0,19.0,11.0,28.0,33.0,44.0,24.0,22.0,70.0,163.0,92.0,24.0,18.0,21.0,53.0,17.0,21.0,43.0,78.0,39.0,71.0,86.0,25.0,26.0,21.0,32.0,44.0,24.0,51.0,82.0,74.0,28.0,52.0,65.0,63.0,77.0,35.0,0.0,92.0,24.0,21.0,48.0,25.0,43.0,48.0,75.0,55.0,93.0,53.0,515.0,51.0,0.0,31.0,32.0,32.0,32.0,61.0,31.0,44.0,144.0,86.0,6.0,80.0,33.0,0.0,45.0,61.0,32.0,13.0,18.0,118.0,78.0,74.0,52.0,63.0,34.0,171.0,85.0,60.0,28.0,24.0,27.0,31.0,25.0,22.0,38.0,39.0,56.0,33.0,86.0,37.0,52.0,265.0,209.0,39.0,31.0,17.0,45.0,74.0,26.0,125.0,30.0,20.0,34.0,38.0,56.0
Grüne (Basels starke Alternative) (BastA),0.0,1.0,1.0,1.0,1.0,0.0,0.0,1.0,2.0,1.0,0.0,1.0,1.0,3.0,4.0,31.0,0.0,1.0,0.0,0.0,38.0,2.0,4.0,4.0,0.0,0.0,0.0,7.0,0.0,0.0,0.0,0.0,1.0,0.0,1.0,0.0,2.0,1.0,0.0,0.0,0.0,2.0,7.0,1.0,0.0,0.0,0.0,25.0,10.0,0.0,2.0,1.0,2.0,1.0,3.0,0.0,7.0,2.0,5.0,2.0,0.0,0.0,4.0,0.0,0.0,0.0,0.0,0.0,3.0,3.0,0.0,0.0,0.0,0.0,0.0,0.0,0.0,0.0,1.0,0.0,0.0,1.0,3.0,0.0,0.0,0.0,11.0,0.0,0.0,1.0,0.0,0.0,0.0,10.0,0.0,0.0,1.0,0.0,0.0,0.0,5.0,2.0,0.0,1.0,1.0,0.0,0.0,12.0,1.0,0.0,0.0,0.0,1.0,0.0,0.0,0.0,0.0,1.0,0.0,0.0,0.0,0.0,0.0,0.0,0.0,0.0,1.0,0.0,0.0,11.0,1.0,0.0,0.0,0.0,4.0,4.0,0.0,0.0,0.0,0.0,2.0,0.0,0.0,0.0,0.0,4.0,0.0,11.0,0.0,1.0,0.0,3.0,0.0,1.0,1.0,2.0,0.0,0.0,0.0,2.0,0.0,0.0,6.0,0.0,0.0,1.0,1.0,1.0,3.0,5.0,1.0,1.0,1.0,0.0,0.0,2.0,0.0,9.0,0.0,0.0,0.0,0.0,1.0,7.0,0.0,1.0,7.0,1.0,0.0,0.0,0.0,0.0,1.0,1.0,0.0,1.0,1.0,1.0,1.0,1.0,6.0,1.0,0.0,0.0,0.0,1.0,0.0,0.0,0.0,1.0,0.0,0.0,0.0,1.0,52.0,1.0,0.0,0.0,0.0,0.0,0.0,0.0,0.0,0.0,8.0,1.0,7.0,0.0,1.0,0.0,0.0,0.0,0.0,0.0,0.0,0.0,2.0,0.0,0.0,0.0,0.0,0.0,0.0,3.0,14.0,14.0,1.0,5.0,0.0,0.0,5.0,0.0,23.0,1.0,0.0,1.0,1.0,0.0,2.0,0.0,0.0,0.0,1.0,0.0,0.0,0.0,0.0,0.0,0.0,0.0,0.0,0.0,0.0,0.0,0.0,0.0,1.0,0.0,5.0,4.0,0.0,4.0,0.0,0.0,0.0,0.0,0.0,0.0,0.0,0.0,0.0,1.0,0.0,0.0,1.0,1.0,0.0,0.0,1.0,7.0,1.0,53.0,0.0,2.0,1.0,2.0,1.0,3.0,0.0,0.0,3.0,0.0,0.0,1.0,0.0,0.0,1.0,4.0,0.0,7.0,1.0,2.0,0.0,8.0,4.0,2.0,6.0,0.0,0.0,0.0,0.0,12.0,36.0,0.0,3.0,4.0,12.0,0.0,3.0,4.0,7.0,4.0,3.0,0.0,0.0,0.0,0.0,0.0,0.0,0.0,0.0,0.0,2.0,2.0,1.0,1.0,3.0,0.0,1.0,0.0,1.0,0.0,0.0,0.0,3.0,0.0,0.0,0.0,0.0,0.0,0.0,0.0,0.0,1.0,0.0,0.0,0.0,1.0,0.0,0.0,4.0,0.0,2.0,2.0,1.0,3.0,26.0,0.0,0.0,1.0,5.0,0.0,0.0,0.0,2.0,1.0,0.0,0.0,0.0,3.0,0.0,0.0,1.0,3.0,0.0,0.0,0.0,0.0,5.0,0.0,0.0,0.0,1.0,0.0,0.0,3.0,1.0,0.0,0.0,0.0,5.0,4.0,0.0,3.0,1.0,0.0,0.0,0.0,6.0,0.0,0.0,0.0,0.0,1.0,0.0,10.0,0.0,0.0,4.0,5.0,1.0,0.0,0.0,9.0,0.0,0.0,0.0,0.0,0.0,0.0,0.0,0.0,0.0,1.0,2.0,0.0,2.0,1.0,0.0,1.0,1.0,0.0,1.0,2.0,3.0,0.0,0.0,1.0,5.0,7.0,13.0,0.0,0.0,0.0,0.0,0.0,0.0,0.0,1.0,0.0,2.0,3.0,0.0,3.0,0.0,1.0,16.0,6.0,3.0,0.0,0.0,3.0,1.0,0.0,6.0,0.0,0.0,0.0,0.0,0.0
Grüne Partei der Schweiz (GPS),2.0,0.0,1.0,22.0,14.0,3.0,2.0,1.0,6.0,12.0,1.0,4.0,4.0,14.0,23.0,172.0,2.0,7.0,10.0,24.0,101.0,6.0,9.0,0.0,0.0,9.0,3.0,1.0,2.0,6.0,19.0,0.0,5.0,2.0,2.0,2.0,2.0,13.0,3.0,7.0,6.0,1.0,20.0,7.0,1.0,6.0,3.0,6.0,16.0,2.0,11.0,18.0,9.0,43.0,9.0,17.0,7.0,3.0,3.0,2.0,0.0,7.0,36.0,8.0,2.0,12.0,2.0,10.0,5.0,12.0,5.0,12.0,5.0,2.0,2.0,1.0,9.0,7.0,7.0,3.0,4.0,13.0,4.0,8.0,10.0,2.0,50.0,1.0,0.0,19.0,8.0,0.0,1.0,21.0,18.0,0.0,11.0,14.0,5.0,4.0,4.0,9.0,3.0,12.0,2.0,3.0,12.0,11.0,6.0,7.0,0.0,9.0,16.0,0.0,4.0,4.0,4.0,14.0,11.0,9.0,4.0,2.0,1.0,8.0,21.0,0.0,0.0,1.0,7.0,30.0,8.0,2.0,0.0,36.0,6.0,11.0,11.0,1.0,5.0,7.0,1.0,12.0,4.0,3.0,11.0,25.0,0.0,15.0,12.0,2.0,6.0,19.0,2.0,2.0,5.0,26.0,1.0,1.0,10.0,35.0,0.0,6.0,20.0,0.0,0.0,14.0,12.0,4.0,6.0,162.0,6.0,14.0,19.0,13.0,1.0,18.0,4.0,94.0,7.0,4.0,21.0,8.0,20.0,31.0,7.0,7.0,8.0,4.0,1.0,13.0,10.0,3.0,4.0,12.0,2.0,5.0,8.0,21.0,20.0,14.0,18.0,15.0,13.0,2.0,4.0,2.0,17.0,5.0,2.0,22.0,14.0,11.0,14.0,36.0,262.0,14.0,3.0,13.0,3.0,0.0,6.0,0.0,3.0,7.0,2.0,15.0,39.0,0.0,40.0,0.0,0.0,0.0,4.0,0.0,0.0,9.0,12.0,24.0,22.0,0.0,10.0,1.0,4.0,39.0,15.0,7.0,8.0,9.0,3.0,2.0,13.0,5.0,4.0,9.0,8.0,16.0,12.0,13.0,14.0,9.0,7.0,1.0,5.0,10.0,10.0,5.0,16.0,4.0,7.0,7.0,1.0,0.0,7.0,6.0,9.0,1.0,7.0,3.0,4.0,1.0,0.0,10.0,0.0,0.0,0.0,0.0,0.0,0.0,0.0,0.0,0.0,21.0,3.0,4.0,5.0,11.0,2.0,2.0,2.0,2.0,5.0,6.0,3.0,5.0,0.0,3.0,18.0,8.0,0.0,5.0,29.0,0.0,8.0,8.0,0.0,0.0,23.0,11.0,1.0,60.0,11.0,16.0,5.0,18.0,13.0,13.0,20.0,11.0,8.0,12.0,4.0,15.0,67.0,5.0,20.0,69.0,113.0,13.0,14.0,44.0,30.0,12.0,9.0,2.0,11.0,4.0,3.0,12.0,0.0,12.0,5.0,5.0,8.0,6.0,1.0,0.0,10.0,0.0,9.0,10.0,6.0,0.0,2.0,4.0,24.0,0.0,0.0,0.0,0.0,0.0,0.0,0.0,0.0,7.0,5.0,1.0,10.0,10.0,3.0,0.0,10.0,0.0,19.0,3.0,58.0,0.0,67.0,7.0,0.0,0.0,31.0,6.0,7.0,3.0,8.0,4.0,3.0,9.0,3.0,9.0,9.0,3.0,2.0,15.0,9.0,2.0,0.0,3.0,41.0,8.0,15.0,1.0,5.0,5.0,12.0,12.0,7.0,7.0,12.0,0.0,14.0,4.0,2.0,23.0,31.0,3.0,8.0,2.0,0.0,7.0,3.0,0.0,2.0,0.0,7.0,13.0,6.0,0.0,8.0,9.0,15.0,6.0,1.0,17.0,8.0,0.0,3.0,2.0,2.0,1.0,12.0,5.0,15.0,7.0,59.0,21.0,27.0,17.0,0.0,9.0,6.0,4.0,30.0,21.0,19.0,3.0,35.0,8.0,15.0,4.0,17.0,2.0,2.0,7.0,0.0,5.0,1.0,21.0,18.0,11.0,12.0,17.0,9.0,10.0,9.0,1.0,69.0,38.0,8.0,15.0,3.0,17.0,8.0,5.0,31.0,1.0,2.0,6.0,17.0,4.0
Grünliberale Partei (glp),7.0,1.0,7.0,27.0,2.0,1.0,5.0,2.0,6.0,11.0,6.0,2.0,8.0,16.0,41.0,166.0,4.0,1.0,4.0,45.0,244.0,12.0,17.0,4.0,5.0,8.0,5.0,0.0,22.0,7.0,11.0,0.0,7.0,2.0,8.0,3.0,20.0,13.0,6.0,16.0,13.0,5.0,22.0,7.0,0.0,6.0,6.0,42.0,11.0,0.0,9.0,3.0,20.0,42.0,32.0,40.0,7.0,6.0,50.0,8.0,0.0,9.0,45.0,4.0,0.0,19.0,2.0,5.0,5.0,22.0,4.0,4.0,7.0,3.0,4.0,1.0,12.0,12.0,11.0,6.0,4.0,17.0,16.0,13.0,12.0,0.0,20.0,0.0,0.0,24.0,0.0,0.0,14.0,37.0,6.0,5.0,19.0,10.0,3.0,1.0,9.0,6.0,7.0,13.0,5.0,0.0,10.0,9.0,7.0,11.0,0.0,24.0,2.0,2.0,5.0,4.0,6.0,26.0,13.0,9.0,5.0,7.0,1.0,7.0,14.0,6.0,4.0,1.0,13.0,39.0,12.0,5.0,0.0,30.0,9.0,12.0,17.0,2.0,7.0,13.0,2.0,33.0,4.0,8.0,6.0,7.0,0.0,40.0,10.0,10.0,3.0,12.0,6.0,12.0,17.0,51.0,3.0,5.0,6.0,34.0,0.0,16.0,16.0,2.0,0.0,22.0,5.0,10.0,4.0,78.0,10.0,3.0,17.0,13.0,13.0,20.0,9.0,82.0,6.0,1.0,15.0,10.0,6.0,20.0,10.0,8.0,19.0,10.0,7.0,0.0,0.0,0.0,1.0,9.0,4.0,9.0,2.0,2.0,7.0,4.0,27.0,10.0,1.0,3.0,8.0,4.0,14.0,3.0,2.0,19.0,10.0,11.0,0.0,24.0,0.0,9.0,4.0,16.0,183.0,44.0,5.0,8.0,3.0,23.0,18.0,3.0,12.0,0.0,56.0,0.0,4.0,0.0,2.0,1.0,7.0,12.0,19.0,49.0,6.0,0.0,13.0,4.0,3.0,23.0,30.0,34.0,10.0,7.0,9.0,1.0,8.0,9.0,17.0,4.0,3.0,1.0,10.0,6.0,5.0,6.0,7.0,6.0,6.0,6.0,5.0,0.0,5.0,16.0,10.0,8.0,4.0,4.0,0.0,9.0,12.0,0.0,23.0,8.0,10.0,7.0,0.0,11.0,0.0,0.0,0.0,0.0,0.0,1.0,0.0,0.0,0.0,9.0,0.0,5.0,17.0,37.0,10.0,3.0,11.0,18.0,3.0,23.0,0.0,36.0,0.0,3.0,2.0,17.0,3.0,0.0,14.0,9.0,8.0,6.0,7.0,0.0,13.0,6.0,0.0,45.0,10.0,4.0,5.0,24.0,15.0,31.0,13.0,15.0,6.0,9.0,8.0,83.0,106.0,2.0,5.0,133.0,248.0,16.0,35.0,59.0,83.0,15.0,16.0,3.0,7.0,3.0,3.0,10.0,0.0,2.0,4.0,3.0,7.0,10.0,0.0,7.0,8.0,2.0,2.0,7.0,2.0,0.0,0.0,0.0,27.0,0.0,0.0,0.0,49.0,0.0,0.0,1.0,0.0,17.0,5.0,5.0,6.0,13.0,4.0,5.0,14.0,4.0,8.0,3.0,28.0,5.0,104.0,2.0,0.0,0.0,69.0,8.0,7.0,9.0,13.0,1.0,11.0,3.0,3.0,15.0,6.0,7.0,8.0,25.0,18.0,1.0,0.0,1.0,15.0,5.0,8.0,4.0,11.0,4.0,16.0,15.0,5.0,13.0,3.0,3.0,5.0,6.0,2.0,28.0,35.0,0.0,12.0,1.0,3.0,6.0,1.0,0.0,5.0,1.0,5.0,18.0,11.0,5.0,24.0,16.0,13.0,9.0,17.0,71.0,3.0,0.0,8.0,0.0,0.0,4.0,18.0,6.0,10.0,10.0,61.0,9.0,14.0,50.0,0.0,14.0,23.0,2.0,3.0,4.0,24.0,11.0,3.0,10.0,12.0,25.0,20.0,7.0,2.0,16.0,0.0,6.0,10.0,5.0,2.0,3.0,25.0,17.0,3.0,23.0,17.0,3.0,46.0,46.0,10.0,10.0,2.0,18.0,12.0,4.0,46.0,5.0,2.0,10.0,40.0,0.0
Lega dei Ticinesi (Lega),0.0,0.0,0.0,0.0,0.0,0.0,0.0,0.0,0.0,0.0,0.0,0.0,0.0,0.0,0.0,6.0,0.0,0.0,0.0,0.0,0.0,0.0,1.0,1.0,0.0,0.0,0.0,0.0,0.0,0.0,0.0,0.0,0.0,0.0,0.0,0.0,0.0,0.0,0.0,0.0,0.0,0.0,0.0,0.0,0.0,0.0,0.0,0.0,0.0,0.0,0.0,0.0,2.0,1.0,0.0,1.0,0.0,0.0,0.0,0.0,0.0,1.0,0.0,0.0,0.0,0.0,0.0,0.0,0.0,0.0,0.0,0.0,0.0,0.0,0.0,0.0,0.0,0.0,0.0,0.0,0.0,0.0,0.0,0.0,0.0,0.0,0.0,1.0,0.0,0.0,0.0,0.0,0.0,0.0,0.0,0.0,0.0,0.0,0.0,0.0,0.0,0.0,0.0,0.0,0.0,0.0,0.0,0.0,0.0,0.0,0.0,0.0,0.0,0.0,0.0,0.0,0.0,0.0,0.0,0.0,0.0,0.0,0.0,0.0,0.0,0.0,0.0,0.0,0.0,0.0,0.0,0.0,0.0,0.0,0.0,0.0,0.0,0.0,0.0,0.0,1.0,0.0,0.0,0.0,0.0,1.0,0.0,0.0,0.0,0.0,0.0,0.0,0.0,0.0,0.0,0.0,0.0,0.0,0.0,0.0,0.0,0.0,2.0,0.0,0.0,1.0,0.0,0.0,0.0,0.0,0.0,0.0,0.0,0.0,0.0,0.0,0.0,0.0,0.0,0.0,0.0,0.0,0.0,0.0,0.0,0.0,0.0,0.0,0.0,0.0,0.0,0.0,0.0,0.0,0.0,0.0,0.0,0.0,0.0,0.0,0.0,0.0,0.0,0.0,0.0,0.0,0.0,0.0,0.0,0.0,0.0,0.0,0.0,0.0,0.0,0.0,0.0,1.0,0.0,0.0,0.0,0.0,0.0,0.0,0.0,0.0,0.0,0.0,0.0,0.0,0.0,0.0,0.0,0.0,0.0,0.0,0.0,0.0,0.0,0.0,0.0,0.0,0.0,0.0,0.0,0.0,0.0,0.0,0.0,0.0,0.0,0.0,0.0,0.0,0.0,1.0,0.0,0.0,0.0,1.0,0.0,0.0,0.0,0.0,0.0,0.0,0.0,0.0,0.0,0.0,0.0,0.0,0.0,0.0,0.0,0.0,0.0,0.0,0.0,0.0,0.0,0.0,0.0,0.0,0.0,0.0,0.0,0.0,0.0,0.0,0.0,0.0,0.0,0.0,0.0,0.0,0.0,0.0,0.0,0.0,0.0,0.0,0.0,0.0,0.0,0.0,0.0,0.0,0.0,0.0,0.0,0.0,0.0,0.0,0.0,0.0,0.0,0.0,1.0,0.0,0.0,0.0,0.0,0.0,0.0,1.0,1.0,0.0,0.0,0.0,0.0,0.0,0.0,0.0,0.0,0.0,0.0,0.0,0.0,0.0,0.0,0.0,0.0,0.0,0.0,0.0,0.0,0.0,0.0,0.0,0.0,0.0,0.0,0.0,0.0,0.0,0.0,0.0,0.0,0.0,0.0,0.0,0.0,0.0,0.0,0.0,0.0,0.0,0.0,0.0,0.0,0.0,0.0,0.0,0.0,0.0,0.0,0.0,0.0,0.0,0.0,0.0,0.0,0.0,0.0,0.0,7.0,0.0,0.0,0.0,0.0,0.0,0.0,0.0,0.0,0.0,0.0,0.0,0.0,0.0,0.0,0.0,0.0,0.0,0.0,0.0,0.0,0.0,0.0,0.0,0.0,0.0,0.0,0.0,0.0,0.0,0.0,0.0,0.0,0.0,0.0,0.0,0.0,0.0,0.0,0.0,0.0,0.0,0.0,0.0,0.0,0.0,0.0,0.0,0.0,0.0,0.0,0.0,0.0,0.0,1.0,0.0,0.0,1.0,0.0,0.0,0.0,0.0,0.0,0.0,0.0,0.0,0.0,0.0,0.0,0.0,0.0,0.0,0.0,0.0,0.0,0.0,0.0,0.0,0.0,0.0,0.0,0.0,0.0,0.0,0.0,0.0,0.0,0.0,0.0,0.0,0.0,0.0,0.0,0.0,0.0,0.0,0.0,0.0,0.0,0.0,0.0,0.0,0.0,0.0,0.0,0.0,0.0,0.0,0.0,0.0,0.0,0.0,0.0,1.0
Liberal-Demokratische Partei (LDP),0.0,0.0,0.0,0.0,0.0,0.0,0.0,0.0,0.0,1.0,0.0,0.0,0.0,0.0,0.0,0.0,0.0,0.0,0.0,0.0,0.0,0.0,0.0,0.0,0.0,0.0,0.0,0.0,0.0,0.0,0.0,0.0,0.0,0.0,0.0,0.0,0.0,0.0,0.0,0.0,0.0,0.0,0.0,0.0,0.0,0.0,0.0,0.0,0.0,0.0,0.0,7.0,0.0,0.0,0.0,0.0,0.0,0.0,3.0,0.0,0.0,0.0,3.0,0.0,0.0,1.0,0.0,0.0,0.0,0.0,0.0,0.0,0.0,0.0,0.0,0.0,0.0,0.0,0.0,0.0,0.0,0.0,0.0,0.0,0.0,0.0,0.0,0.0,0.0,1.0,0.0,0.0,0.0,0.0,0.0,0.0,0.0,0.0,0.0,0.0,0.0,0.0,0.0,0.0,0.0,0.0,0.0,1.0,0.0,0.0,0.0,0.0,0.0,0.0,0.0,0.0,0.0,0.0,0.0,0.0,0.0,0.0,0.0,0.0,0.0,0.0,0.0,0.0,0.0,0.0,0.0,0.0,0.0,0.0,0.0,0.0,0.0,0.0,0.0,0.0,0.0,0.0,0.0,0.0,9.0,0.0,0.0,1.0,0.0,0.0,0.0,0.0,0.0,0.0,0.0,0.0,0.0,0.0,0.0,0.0,0.0,0.0,0.0,0.0,0.0,0.0,0.0,0.0,0.0,0.0,1.0,0.0,0.0,0.0,0.0,1.0,0.0,5.0,0.0,0.0,0.0,1.0,0.0,0.0,0.0,0.0,0.0,0.0,0.0,0.0,0.0,0.0,0.0,0.0,0.0,0.0,0.0,0.0,0.0,0.0,0.0,0.0,0.0,0.0,0.0,0.0,0.0,0.0,0.0,0.0,0.0,0.0,0.0,2.0,0.0,0.0,0.0,0.0,0.0,0.0,0.0,0.0,0.0,0.0,0.0,0.0,0.0,0.0,0.0,0.0,0.0,0.0,0.0,0.0,0.0,0.0,0.0,0.0,4.0,0.0,0.0,0.0,0.0,1.0,0.0,1.0,0.0,0.0,0.0,0.0,0.0,0.0,0.0,0.0,0.0,0.0,0.0,0.0,0.0,0.0,0.0,0.0,0.0,0.0,0.0,0.0,0.0,0.0,0.0,0.0,0.0,0.0,0.0,0.0,0.0,0.0,0.0,0.0,1.0,0.0,0.0,0.0,0.0,0.0,0.0,0.0,0.0,0.0,0.0,0.0,0.0,0.0,0.0,0.0,0.0,1.0,0.0,0.0,0.0,0.0,0.0,0.0,0.0,0.0,0.0,0.0,0.0,0.0,0.0,0.0,0.0,0.0,0.0,0.0,0.0,0.0,0.0,1.0,0.0,0.0,0.0,0.0,0.0,0.0,0.0,0.0,0.0,4.0,0.0,0.0,0.0,1.0,0.0,0.0,0.0,0.0,6.0,0.0,0.0,0.0,0.0,0.0,0.0,0.0,0.0,0.0,0.0,0.0,0.0,0.0,0.0,0.0,0.0,0.0,0.0,0.0,0.0,0.0,0.0,0.0,0.0,0.0,0.0,0.0,0.0,0.0,0.0,1.0,0.0,0.0,0.0,0.0,0.0,0.0,0.0,0.0,0.0,0.0,0.0,0.0,0.0,0.0,0.0,0.0,0.0,0.0,1.0,0.0,0.0,0.0,0.0,0.0,1.0,0.0,0.0,0.0,0.0,0.0,0.0,0.0,0.0,0.0,0.0,2.0,0.0,0.0,0.0,0.0,0.0,0.0,0.0,0.0,0.0,0.0,0.0,0.0,0.0,0.0,0.0,0.0,0.0,0.0,0.0,0.0,1.0,0.0,0.0,0.0,0.0,0.0,0.0,0.0,0.0,0.0,0.0,0.0,0.0,0.0,0.0,0.0,0.0,0.0,0.0,1.0,0.0,0.0,0.0,0.0,0.0,0.0,0.0,0.0,0.0,0.0,0.0,0.0,0.0,0.0,0.0,0.0,0.0,0.0,0.0,0.0,0.0,0.0,0.0,0.0,0.0,0.0,1.0,0.0,0.0,0.0,0.0,0.0,0.0,0.0,0.0,0.0,1.0,0.0,0.0,0.0,0.0,0.0,0.0,1.0,0.0,0.0,0.0,0.0,0.0,0.0,1.0,0.0,0.0,0.0,0.0,0.0
Schweizerische Volkspartei (SVP),29.0,38.0,83.0,124.0,40.0,36.0,31.0,32.0,125.0,72.0,42.0,36.0,60.0,62.0,184.0,537.0,22.0,26.0,21.0,86.0,796.0,31.0,104.0,17.0,23.0,41.0,47.0,34.0,28.0,33.0,147.0,0.0,29.0,11.0,23.0,27.0,39.0,79.0,48.0,31.0,42.0,68.0,138.0,46.0,23.0,33.0,54.0,63.0,24.0,28.0,35.0,52.0,165.0,103.0,114.0,133.0,85.0,154.0,84.0,79.0,0.0,36.0,203.0,13.0,14.0,90.0,39.0,82.0,54.0,166.0,37.0,49.0,49.0,50.0,40.0,25.0,72.0,21.0,28.0,25.0,30.0,49.0,14.0,46.0,52.0,25.0,186.0,4.0,1.0,58.0,32.0,1.0,13.0,20.0,64.0,57.0,183.0,68.0,24.0,29.0,26.0,37.0,43.0,82.0,31.0,8.0,19.0,101.0,19.0,20.0,28.0,127.0,128.0,20.0,25.0,19.0,29.0,125.0,38.0,30.0,109.0,78.0,59.0,34.0,67.0,24.0,23.0,30.0,46.0,202.0,37.0,38.0,12.0,24.0,84.0,46.0,42.0,75.0,84.0,113.0,43.0,70.0,25.0,36.0,33.0,50.0,8.0,254.0,19.0,41.0,39.0,89.0,31.0,48.0,82.0,181.0,35.0,38.0,80.0,434.0,75.0,189.0,51.0,15.0,4.0,146.0,56.0,68.0,62.0,216.0,52.0,59.0,52.0,56.0,91.0,232.0,34.0,375.0,24.0,47.0,102.0,44.0,83.0,141.0,28.0,27.0,107.0,42.0,13.0,7.0,14.0,19.0,24.0,60.0,54.0,49.0,82.0,86.0,119.0,70.0,117.0,28.0,71.0,35.0,31.0,38.0,65.0,35.0,13.0,64.0,48.0,28.0,29.0,63.0,15.0,51.0,27.0,29.0,4.0,0.0,30.0,61.0,20.0,52.0,21.0,68.0,378.0,15.0,386.0,15.0,19.0,11.0,33.0,12.0,26.0,40.0,100.0,132.0,19.0,8.0,60.0,23.0,50.0,247.0,49.0,142.0,34.0,27.0,48.0,94.0,72.0,37.0,75.0,52.0,31.0,74.0,71.0,66.0,95.0,61.0,42.0,50.0,47.0,41.0,50.0,31.0,21.0,66.0,62.0,34.0,45.0,22.0,24.0,22.0,41.0,26.0,81.0,31.0,64.0,57.0,39.0,55.0,3.0,3.0,11.0,7.0,10.0,9.0,9.0,12.0,4.0,78.0,30.0,39.0,24.0,60.0,35.0,18.0,9.0,94.0,34.0,87.0,19.0,65.0,11.0,16.0,26.0,34.0,16.0,29.0,32.0,6.0,22.0,12.0,47.0,1.0,67.0,73.0,1.0,496.0,93.0,71.0,27.0,130.0,61.0,122.0,64.0,86.0,34.0,95.0,61.0,168.0,410.0,31.0,42.0,979.0,1785.0,66.0,110.0,168.0,132.0,41.0,37.0,31.0,86.0,39.0,37.0,39.0,7.0,20.0,15.0,36.0,34.0,29.0,19.0,123.0,144.0,17.0,19.0,59.0,49.0,27.0,49.0,37.0,370.0,7.0,0.0,0.0,0.0,0.0,132.0,15.0,39.0,52.0,31.0,23.0,64.0,33.0,62.0,36.0,69.0,45.0,71.0,22.0,74.0,33.0,609.0,21.0,6.0,43.0,210.0,23.0,46.0,50.0,39.0,11.0,2.0,34.0,38.0,52.0,32.0,27.0,98.0,142.0,96.0,36.0,24.0,16.0,65.0,39.0,38.0,50.0,50.0,32.0,76.0,85.0,70.0,42.0,79.0,23.0,78.0,28.0,87.0,132.0,68.0,19.0,49.0,43.0,8.0,81.0,23.0,0.0,65.0,55.0,21.0,44.0,19.0,36.0,44.0,101.0,51.0,47.0,39.0,304.0,21.0,43.0,24.0,27.0,28.0,38.0,15.0,33.0,20.0,44.0,265.0,24.0,99.0,30.0,0.0,41.0,94.0,12.0,58.0,20.0,186.0,57.0,41.0,54.0,69.0,26.0,156.0,107.0,19.0,39.0,5.0,50.0,42.0,21.0,26.0,56.0,84.0,56.0,37.0,70.0,53.0,24.0,243.0,250.0,45.0,91.0,34.0,134.0,120.0,16.0,151.0,33.0,18.0,34.0,54.0,8.0
Sozialdemokratische Partei der Schweiz (SP),16.0,66.0,35.0,80.0,37.0,61.0,53.0,36.0,73.0,77.0,38.0,43.0,90.0,96.0,138.0,557.0,17.0,40.0,26.0,116.0,870.0,37.0,159.0,66.0,19.0,72.0,40.0,30.0,31.0,37.0,77.0,0.0,46.0,22.0,27.0,23.0,51.0,103.0,23.0,53.0,62.0,74.0,161.0,78.0,26.0,46.0,65.0,92.0,99.0,28.0,74.0,64.0,109.0,172.0,62.0,120.0,78.0,94.0,121.0,76.0,2.0,68.0,280.0,32.0,31.0,93.0,40.0,24.0,47.0,78.0,40.0,82.0,92.0,155.0,80.0,13.0,62.0,39.0,39.0,40.0,30.0,83.0,46.0,23.0,80.0,23.0,185.0,41.0,0.0,141.0,8.0,28.0,34.0,64.0,89.0,49.0,150.0,82.0,18.0,31.0,35.0,46.0,42.0,89.0,41.0,85.0,33.0,154.0,74.0,40.0,17.0,93.0,64.0,15.0,40.0,26.0,36.0,151.0,45.0,56.0,119.0,43.0,22.0,44.0,136.0,16.0,23.0,53.0,57.0,202.0,46.0,42.0,43.0,64.0,94.0,78.0,55.0,24.0,39.0,51.0,87.0,112.0,43.0,34.0,30.0,73.0,58.0,178.0,33.0,69.0,37.0,95.0,29.0,42.0,64.0,168.0,17.0,30.0,37.0,194.0,17.0,60.0,82.0,93.0,35.0,159.0,58.0,85.0,46.0,218.0,49.0,45.0,121.0,51.0,18.0,143.0,34.0,447.0,42.0,49.0,98.0,44.0,101.0,222.0,45.0,36.0,99.0,55.0,45.0,45.0,15.0,41.0,50.0,68.0,53.0,56.0,25.0,65.0,85.0,41.0,195.0,29.0,93.0,42.0,23.0,46.0,58.0,49.0,69.0,43.0,19.0,35.0,24.0,69.0,4.0,81.0,85.0,170.0,3.0,0.0,52.0,13.0,53.0,75.0,107.0,71.0,333.0,31.0,251.0,18.0,180.0,232.0,37.0,51.0,67.0,42.0,147.0,161.0,48.0,12.0,45.0,27.0,28.0,113.0,70.0,121.0,80.0,37.0,37.0,10.0,39.0,54.0,82.0,60.0,36.0,91.0,40.0,46.0,92.0,63.0,38.0,36.0,41.0,38.0,57.0,15.0,47.0,46.0,90.0,54.0,33.0,16.0,18.0,49.0,31.0,13.0,88.0,38.0,86.0,61.0,39.0,52.0,32.0,11.0,31.0,25.0,0.0,20.0,21.0,34.0,8.0,72.0,42.0,28.0,42.0,101.0,35.0,50.0,39.0,72.0,26.0,172.0,23.0,89.0,62.0,33.0,22.0,57.0,64.0,36.0,117.0,31.0,40.0,33.0,15.0,9.0,41.0,78.0,35.0,482.0,131.0,70.0,50.0,110.0,59.0,123.0,53.0,50.0,33.0,70.0,47.0,80.0,508.0,25.0,86.0,629.0,1322.0,33.0,58.0,202.0,177.0,35.0,47.0,28.0,66.0,64.0,47.0,99.0,15.0,56.0,36.0,27.0,35.0,43.0,64.0,154.0,99.0,31.0,94.0,56.0,40.0,15.0,27.0,28.0,115.0,57.0,1.0,1.0,0.0,100.0,0.0,22.0,37.0,39.0,28.0,24.0,33.0,49.0,17.0,33.0,50.0,27.0,129.0,84.0,164.0,54.0,574.0,80.0,28.0,22.0,196.0,49.0,27.0,44.0,74.0,28.0,16.0,93.0,40.0,60.0,44.0,27.0,111.0,151.0,106.0,56.0,20.0,68.0,112.0,33.0,53.0,56.0,106.0,29.0,92.0,93.0,72.0,41.0,19.0,36.0,74.0,43.0,16.0,143.0,115.0,25.0,43.0,81.0,18.0,187.0,40.0,80.0,96.0,58.0,63.0,73.0,38.0,30.0,46.0,88.0,54.0,91.0,27.0,391.0,33.0,0.0,15.0,32.0,28.0,24.0,46.0,49.0,63.0,96.0,138.0,44.0,126.0,68.0,0.0,50.0,99.0,45.0,76.0,72.0,171.0,86.0,54.0,123.0,73.0,47.0,149.0,249.0,109.0,54.0,0.0,20.0,23.0,52.0,22.0,65.0,69.0,101.0,37.0,72.0,50.0,21.0,376.0,213.0,47.0,66.0,42.0,91.0,94.0,25.0,169.0,36.0,46.0,54.0,104.0,35.0
parteilos (-),0.0,2.0,2.0,0.0,1.0,11.0,2.0,0.0,5.0,0.0,0.0,0.0,1.0,0.0,1.0,3.0,0.0,1.0,0.0,1.0,33.0,0.0,6.0,0.0,0.0,0.0,0.0,1.0,0.0,0.0,1.0,0.0,1.0,0.0,0.0,0.0,0.0,15.0,0.0,0.0,0.0,2.0,5.0,2.0,2.0,0.0,1.0,0.0,2.0,10.0,5.0,0.0,1.0,0.0,1.0,4.0,0.0,8.0,0.0,1.0,0.0,1.0,4.0,0.0,0.0,1.0,0.0,0.0,0.0,1.0,2.0,1.0,2.0,0.0,2.0,1.0,5.0,1.0,0.0,2.0,2.0,0.0,0.0,0.0,0.0,0.0,24.0,0.0,0.0,3.0,0.0,0.0,0.0,0.0,6.0,0.0,3.0,3.0,0.0,0.0,0.0,1.0,0.0,0.0,0.0,2.0,0.0,0.0,0.0,0.0,1.0,2.0,13.0,0.0,0.0,0.0,0.0,8.0,0.0,0.0,0.0,1.0,2.0,0.0,0.0,0.0,0.0,0.0,0.0,0.0,0.0,9.0,0.0,0.0,7.0,6.0,7.0,1.0,5.0,4.0,6.0,2.0,4.0,1.0,1.0,1.0,4.0,11.0,0.0,0.0,0.0,6.0,0.0,3.0,1.0,5.0,0.0,0.0,0.0,42.0,0.0,0.0,0.0,0.0,0.0,10.0,1.0,7.0,4.0,4.0,0.0,2.0,9.0,6.0,0.0,0.0,0.0,2.0,0.0,0.0,0.0,0.0,1.0,1.0,0.0,0.0,2.0,0.0,3.0,0.0,0.0,0.0,0.0,1.0,0.0,0.0,0.0,0.0,0.0,0.0,1.0,0.0,1.0,0.0,0.0,0.0,0.0,1.0,0.0,0.0,1.0,0.0,4.0,0.0,0.0,0.0,15.0,3.0,0.0,0.0,0.0,1.0,0.0,1.0,0.0,1.0,55.0,0.0,0.0,0.0,0.0,0.0,0.0,0.0,0.0,4.0,9.0,4.0,0.0,0.0,5.0,0.0,0.0,0.0,9.0,2.0,0.0,0.0,0.0,0.0,0.0,0.0,5.0,0.0,0.0,0.0,4.0,0.0,0.0,20.0,4.0,3.0,3.0,1.0,0.0,0.0,0.0,2.0,1.0,1.0,3.0,1.0,0.0,0.0,0.0,0.0,4.0,0.0,1.0,0.0,0.0,0.0,0.0,5.0,0.0,4.0,5.0,0.0,5.0,5.0,0.0,1.0,0.0,0.0,3.0,1.0,3.0,0.0,0.0,0.0,2.0,1.0,0.0,2.0,0.0,0.0,0.0,3.0,0.0,1.0,1.0,0.0,0.0,0.0,0.0,5.0,0.0,2.0,0.0,43.0,13.0,0.0,0.0,0.0,1.0,0.0,0.0,3.0,0.0,5.0,0.0,5.0,7.0,0.0,1.0,32.0,50.0,0.0,9.0,0.0,0.0,0.0,2.0,0.0,0.0,1.0,1.0,5.0,0.0,0.0,0.0,0.0,0.0,0.0,2.0,7.0,4.0,3.0,3.0,0.0,0.0,0.0,0.0,0.0,7.0,0.0,0.0,0.0,0.0,0.0,0.0,0.0,6.0,0.0,5.0,0.0,3.0,0.0,0.0,0.0,6.0,0.0,0.0,1.0,1.0,10.0,16.0,0.0,0.0,0.0,10.0,0.0,0.0,0.0,0.0,0.0,0.0,0.0,0.0,1.0,0.0,0.0,0.0,1.0,0.0,6.0,0.0,0.0,1.0,0.0,0.0,7.0,2.0,0.0,0.0,11.0,1.0,1.0,0.0,1.0,6.0,0.0,1.0,17.0,0.0,0.0,5.0,1.0,0.0,0.0,0.0,0.0,8.0,4.0,0.0,0.0,2.0,8.0,2.0,1.0,0.0,1.0,1.0,5.0,0.0,0.0,0.0,10.0,10.0,0.0,7.0,9.0,3.0,1.0,0.0,0.0,2.0,0.0,0.0,0.0,2.0,0.0,0.0,0.0,6.0,42.0,2.0,1.0,0.0,0.0,1.0,30.0,4.0,0.0,0.0,0.0,5.0,1.0,0.0,0.0,1.0,0.0,0.0,2.0,0.0,0.0,12.0,9.0,0.0,1.0,0.0,0.0,6.0,0.0,8.0,0.0,0.0,0.0,0.0,0.0
